ChemDoodle_JSON;resonance;steps;reaction_type;reactant_name;product_name;acid_base;info
"{""m"":[{""a"":[{""x"":259.7284136440414,""y"":253.15177512570637,""i"":""a0""},{""x"":277.0489217197302,""y"":243.15177512570645,""i"":""a1"",""c"":1},{""x"":277.0489217197302,""y"":223.15177512570648,""i"":""a2""},{""x"":294.3694297954189,""y"":253.15177512570637,""i"":""a3""}],""b"":[{""b"":0,""e"":1,""i"":""b0""},{""b"":1,""e"":2,""i"":""b1""},{""b"":1,""e"":3,""i"":""b2""}]},{""a"":[{""x"":339.0254098974874,""y"":236.08464063770927,""i"":""a4"",""l"":""Br"",""c"":-1}]},{""a"":[{""x"":460.4685461502062,""y"":253.79509800789737,""i"":""a5""},{""x"":477.789054225895,""y"":243.79509800789748,""i"":""a6""},{""x"":495.1095623015837,""y"":253.79509800789737,""i"":""a7""},{""x"":477.789054225895,""y"":223.79509800789745,""i"":""a8""},{""x"":460.4685461502062,""y"":233.79509800789745,""i"":""a9"",""l"":""Br""}],""b"":[{""b"":0,""e"":1,""i"":""b3""},{""b"":1,""e"":2,""i"":""b4""},{""b"":1,""e"":3,""i"":""b5""},{""b"":1,""e"":4,""i"":""b6""}]}],""s"":[{""i"":""s0"",""t"":""Pusher"",""o1"":""a4"",""o2"":""a1"",""e"":2},{""i"":""s1"",""t"":""Line"",""x1"":369.38619396066713,""y1"":244.9398693228033,""x2"":407.3582520640821,""y2"":244.9398693228033,""a"":""synthetic""}]}";no;2;addition;tert-butyl carbocation;butyl bromide;acid;addition of the bromide ion on the tertiary carbocation to form a neutrally charged product
"{""m"":[{""a"":[{""x"":257.10685449509447,""y"":262.03028643863337,""i"":""a0""},{""x"":274.42736257078326,""y"":252.03028643863337,""i"":""a1""},{""x"":239.78634641940573,""y"":252.03028643863337,""i"":""a2""},{""x"":222.46583834371694,""y"":262.03028643863337,""i"":""a3""},{""x"":239.78634641940573,""y"":232.0302864386333,""i"":""a4""}],""b"":[{""b"":0,""e"":1,""i"":""b0""},{""b"":0,""e"":2,""i"":""b1"",""o"":2},{""b"":2,""e"":3,""i"":""b2""},{""b"":2,""e"":4,""i"":""b3""}]},{""a"":[{""x"":368.21796560620555,""y"":249.8080642164112,""i"":""a5"",""l"":""S""},{""x"":385.53847368189435,""y"":239.8080642164112,""i"":""a6"",""l"":""O""},{""x"":350.8974575305168,""y"":259.8080642164112,""i"":""a7"",""l"":""O""},{""x"":358.21796560620555,""y"":232.48755614072235,""i"":""a8"",""l"":""O""},{""x"":378.21796560620555,""y"":267.12857229209993,""i"":""a9"",""l"":""O""},{""x"":333.5769494548281,""y"":249.8080642164112,""i"":""a10"",""l"":""H""}],""b"":[{""b"":0,""e"":1,""i"":""b4""},{""b"":0,""e"":2,""i"":""b5""},{""b"":0,""e"":3,""i"":""b6"",""o"":2},{""b"":0,""e"":4,""i"":""b7"",""o"":2},{""b"":2,""e"":5,""i"":""b8""}]},{""a"":[{""x"":498.21796560620567,""y"":264.2080642164112,""i"":""a11""},{""x"":515.5384736818944,""y"":254.20806421641117,""i"":""a12"",""c"":1},{""x"":480.8974575305168,""y"":254.20806421641117,""i"":""a13""},{""x"":515.5384736818944,""y"":234.20806421641112,""i"":""a14""},{""x"":532.8589817575833,""y"":264.2080642164112,""i"":""a15""}],""b"":[{""b"":0,""e"":1,""i"":""b9""},{""b"":0,""e"":2,""i"":""b10""},{""b"":1,""e"":3,""i"":""b11""},{""b"":1,""e"":4,""i"":""b12""}]},{""a"":[{""x"":564.8846322728723,""y"":254.25250866085565,""i"":""a16"",""l"":""O""}]},{""a"":[{""x"":619.1969523482176,""y"":250.649205485678,""i"":""a17"",""l"":""S""},{""x"":636.5174604239064,""y"":240.6492054856779,""i"":""a18"",""l"":""O""},{""x"":601.8764442725287,""y"":260.64920548567795,""i"":""a19"",""l"":""O"",""c"":-1},{""x"":609.1969523482176,""y"":233.32869740998916,""i"":""a20"",""l"":""O""},{""x"":629.1969523482178,""y"":267.9697135613667,""i"":""a21"",""l"":""O""}],""b"":[{""b"":0,""e"":1,""i"":""b13""},{""b"":0,""e"":2,""i"":""b14""},{""b"":0,""e"":3,""i"":""b15"",""o"":2},{""b"":0,""e"":4,""i"":""b16"",""o"":2}]},{""a"":[{""x"":154.81652395109356,""y"":258.8811935121235,""i"":""a22"",""l"":""O""}]}],""s"":[{""i"":""s0"",""t"":""Line"",""x1"":407.10685449509447,""y1"":259.8080642164112,""x2"":432.66241005065007,""y2"":259.8080642164112,""a"":""synthetic""},{""i"":""s1"",""t"":""Pusher"",""o1"":""b1"",""o2"":""a10"",""e"":2},{""i"":""s2"",""t"":""Pusher"",""o1"":""b8"",""o2"":""a7"",""e"":2}]}";no;2;addition;3,3-methyl-buthen-1-ol, water, sulfuric acid;3,3-methyl-buthan-1-ol carbocation;acid;addition of a protonium ion from sulfuric acid to the double bond, then a nucleophilic attack from water to the tertiary carbocation
"{""m"":[{""a"":[{""x"":5.760539610063006,""y"":279.7174611809887,""i"":""a0""},{""x"":23.081047685751784,""y"":269.7174611809887,""i"":""a1""},{""x"":40.40155576144055,""y"":279.7174611809887,""i"":""a2""},{""x"":23.081047685751784,""y"":249.71746118098875,""i"":""a3""},{""x"":-11.559968465625765,""y"":269.7174611809887,""i"":""a4""},{""x"":-28.880476541314543,""y"":279.7174611809887,""i"":""a5""},{""x"":-11.559968465625765,""y"":249.71746118098875,""i"":""a6""}],""b"":[{""b"":0,""e"":1,""i"":""b0""},{""b"":1,""e"":2,""i"":""b1"",""o"":2},{""b"":1,""e"":3,""i"":""b2""},{""b"":0,""e"":4,""i"":""b3""},{""b"":4,""e"":5,""i"":""b4""},{""b"":4,""e"":6,""i"":""b5""}]},{""a"":[{""x"":116.87165072117409,""y"":267.49523895876655,""i"":""a7"",""l"":""S""},{""x"":134.19215879686286,""y"":257.49523895876655,""i"":""a8"",""l"":""O""},{""x"":99.55114264548533,""y"":277.49523895876655,""i"":""a9"",""l"":""O""},{""x"":106.87165072117409,""y"":250.17473088307779,""i"":""a10"",""l"":""O""},{""x"":126.87165072117409,""y"":284.8157470344553,""i"":""a11"",""l"":""O""},{""x"":82.23063456979656,""y"":267.49523895876655,""i"":""a12"",""l"":""H""}],""b"":[{""b"":0,""e"":1,""i"":""b6""},{""b"":0,""e"":2,""i"":""b7""},{""b"":0,""e"":3,""i"":""b8"",""o"":2},{""b"":0,""e"":4,""i"":""b9"",""o"":2},{""b"":2,""e"":5,""i"":""b10""}]},{""a"":[{""x"":246.87165072117415,""y"":281.8952389587666,""i"":""a13""},{""x"":264.19215879686294,""y"":271.8952389587665,""i"":""a14"",""c"":1},{""x"":229.55114264548536,""y"":271.8952389587665,""i"":""a15""},{""x"":264.19215879686294,""y"":251.89523895876656,""i"":""a16""},{""x"":212.23063456979662,""y"":281.8952389587666,""i"":""a17""},{""x"":229.55114264548536,""y"":251.89523895876656,""i"":""a18""},{""x"":281.51266687255173,""y"":281.8952389587666,""i"":""a19""}],""b"":[{""b"":0,""e"":1,""i"":""b11""},{""b"":0,""e"":2,""i"":""b12""},{""b"":1,""e"":3,""i"":""b13""},{""b"":2,""e"":4,""i"":""b14""},{""b"":2,""e"":5,""i"":""b15""},{""b"":1,""e"":6,""i"":""b16""}]},{""a"":[{""x"":313.5383173878408,""y"":271.939683403211,""i"":""a20"",""l"":""O""},{""x"":330.85882546352957,""y"":261.939683403211,""i"":""a21""}],""b"":[{""b"":0,""e"":1,""i"":""b17""}]},{""a"":[{""x"":441.3160951656186,""y"":290.7841278476553,""i"":""a22""},{""x"":458.636603241307,""y"":280.7841278476553,""i"":""a23""},{""x"":423.9955870899298,""y"":280.7841278476553,""i"":""a24""},{""x"":458.636603241307,""y"":260.7841278476553,""i"":""a25""},{""x"":406.675079014241,""y"":290.7841278476553,""i"":""a26""},{""x"":423.9955870899298,""y"":260.7841278476553,""i"":""a27""},{""x"":475.95711131699557,""y"":290.7841278476553,""i"":""a28""},{""x"":475.95711131699557,""y"":270.7841278476553,""i"":""a29"",""l"":""O"",""c"":1},{""x"":493.2776193926842,""y"":280.7841278476553,""i"":""a30"",""l"":""H""},{""x"":475.95711131699557,""y"":250.78412784765536,""i"":""a31""}],""b"":[{""b"":0,""e"":1,""i"":""b18""},{""b"":0,""e"":2,""i"":""b19""},{""b"":1,""e"":3,""i"":""b20""},{""b"":2,""e"":4,""i"":""b21""},{""b"":2,""e"":5,""i"":""b22""},{""b"":1,""e"":6,""i"":""b23""},{""b"":1,""e"":7,""i"":""b24""},{""b"":7,""e"":8,""i"":""b25""},{""b"":7,""e"":9,""i"":""b26""}]},{""a"":[{""x"":563.53831738784,""y"":268.60635006987764,""i"":""a32"",""l"":""S""},{""x"":580.8588254635289,""y"":258.60635006987764,""i"":""a33"",""l"":""O""},{""x"":546.2178093121512,""y"":278.60635006987764,""i"":""a34"",""l"":""O"",""c"":-1},{""x"":553.53831738784,""y"":251.28584199418887,""i"":""a35"",""l"":""O""},{""x"":573.5383173878403,""y"":285.92685814556637,""i"":""a36"",""l"":""O""}],""b"":[{""b"":0,""e"":1,""i"":""b27""},{""b"":0,""e"":2,""i"":""b28""},{""b"":0,""e"":3,""i"":""b29"",""o"":2},{""b"":0,""e"":4,""i"":""b30"",""o"":2}]},{""a"":[{""x"":695.2139296423146,""y"":286.8952389587665,""i"":""a37""},{""x"":712.534437718003,""y"":276.8952389587666,""i"":""a38""},{""x"":677.8934215666258,""y"":276.8952389587666,""i"":""a39""},{""x"":712.534437718003,""y"":256.8952389587666,""i"":""a40""},{""x"":729.8549457936916,""y"":286.8952389587665,""i"":""a41""},{""x"":660.5729134909369,""y"":286.8952389587665,""i"":""a42""},{""x"":677.8934215666258,""y"":256.8952389587666,""i"":""a43""},{""x"":729.8549457936919,""y"":266.8952389587666,""i"":""a44"",""l"":""O""},{""x"":747.1754538693805,""y"":276.8952389587666,""i"":""a45""}],""b"":[{""b"":0,""e"":1,""i"":""b31""},{""b"":0,""e"":2,""i"":""b32""},{""b"":1,""e"":3,""i"":""b33""},{""b"":1,""e"":4,""i"":""b34""},{""b"":2,""e"":5,""i"":""b35""},{""b"":2,""e"":6,""i"":""b36""},{""b"":1,""e"":7,""i"":""b37""},{""b"":7,""e"":8,""i"":""b38""}]},{""a"":[{""x"":816.5650343835946,""y"":271.6075426037996,""i"":""a46"",""l"":""S""},{""x"":833.8855424592833,""y"":261.6075426037996,""i"":""a47"",""l"":""O""},{""x"":799.2445263079059,""y"":281.6075426037995,""i"":""a48"",""l"":""O""},{""x"":806.5650343835946,""y"":254.28703452811084,""i"":""a49"",""l"":""O""},{""x"":826.5650343835946,""y"":288.92805067948825,""i"":""a50"",""l"":""O""}],""b"":[{""b"":0,""e"":1,""i"":""b39""},{""b"":0,""e"":2,""i"":""b40""},{""b"":0,""e"":3,""i"":""b41"",""o"":2},{""b"":0,""e"":4,""i"":""b42"",""o"":2}]},{""a"":[{""x"":308.8506374631861,""y"":225.3363802280334,""i"":""a51"",""l"":""S""},{""x"":326.17114553887495,""y"":215.33638022803333,""i"":""a52"",""l"":""O""},{""x"":291.53012938749725,""y"":235.33638022803336,""i"":""a53"",""l"":""O"",""c"":-1},{""x"":298.8506374631861,""y"":208.0158721523446,""i"":""a54"",""l"":""O""},{""x"":318.85063746318633,""y"":242.6568883037221,""i"":""a55"",""l"":""O""}],""b"":[{""b"":0,""e"":1,""i"":""b43""},{""b"":0,""e"":2,""i"":""b44""},{""b"":0,""e"":3,""i"":""b45"",""o"":2},{""b"":0,""e"":4,""i"":""b46"",""o"":2}]},{""a"":[{""x"":-96.52979093393793,""y"":276.56836825447886,""i"":""a56"",""l"":""O""},{""x"":-79.20928285824914,""y"":266.56836825447886,""i"":""a57""}],""b"":[{""b"":0,""e"":1,""i"":""b47""}]}],""s"":[{""i"":""s0"",""t"":""Pusher"",""o1"":""b1"",""o2"":""a12"",""e"":2},{""i"":""s1"",""t"":""Pusher"",""o1"":""b10"",""o2"":""a9"",""e"":2},{""i"":""s2"",""t"":""Pusher"",""o1"":""a20"",""o2"":""a14"",""e"":2},{""i"":""s3"",""t"":""Pusher"",""o1"":""a34"",""o2"":""a30"",""e"":2},{""i"":""s4"",""t"":""Pusher"",""o1"":""b25"",""o2"":""a29"",""e"":2},{""i"":""s5"",""t"":""Line"",""x1"":155.760539610063,""y1"":277.49523895876655,""x2"":181.31609516561858,""y2"":277.49523895876655,""a"":""synthetic""},{""i"":""s6"",""t"":""Line"",""x1"":352.4272062767297,""y1"":278.60635006987764,""x2"":383.5383173878408,""y2"":278.60635006987764,""a"":""synthetic""},{""i"":""s7"",""t"":""Line"",""x1"":603.5383173878407,""y1"":275.2730167365443,""x2"":627.9827618322853,""y2"":275.2730167365443,""a"":""synthetic""}]}";no;4;addition;2,4-dimethylpentene,methanol,sulfuric acid;2,4-dimethyl-2-methoxypentane;acid;addition of protonium to the double bond, then nucleophilic attack of the methanol to the tertiary carbocation, then deprotonation of the oxygen on the addition product
"{""m"":[{""a"":[{""x"":144.82990267501032,""y"":258.4179825921645,""i"":""a0""},{""x"":158.97203829874124,""y"":272.56011821589544,""i"":""a1""},{""x"":130.68776705127934,""y"":272.56011821589544,""i"":""a2""},{""x"":128.51641573088685,""y"":248.46320928461978,""i"":""a3""},{""x"":162.15041075069908,""y"":248.41798259216455,""i"":""a4""},{""x"":144.8299026750103,""y"":286.7022538396264,""i"":""a5""},{""x"":179.47091882638787,""y"":258.4179825921645,""i"":""a6""}],""b"":[{""b"":0,""e"":1,""i"":""b0""},{""b"":2,""e"":0,""i"":""b1""},{""b"":0,""e"":3,""i"":""b2""},{""b"":0,""e"":4,""i"":""b3""},{""b"":1,""e"":5,""i"":""b4""},{""b"":5,""e"":2,""i"":""b5""},{""b"":4,""e"":6,""i"":""b6"",""o"":2}]},{""a"":[{""x"":224.80073730057407,""y"":242.63426523185595,""i"":""a7"",""l"":""H""},{""x"":242.12124537626283,""y"":232.63426523185595,""i"":""a8"",""l"":""Cl""}],""b"":[{""b"":0,""e"":1,""i"":""b7""}]},{""a"":[{""x"":345.5859332916836,""y"":252.2757118624118,""i"":""a9""},{""x"":359.72806891541455,""y"":266.41784748614276,""i"":""a10""},{""x"":331.44379766795265,""y"":266.41784748614276,""i"":""a11""},{""x"":329.2724463475601,""y"":242.3209385548671,""i"":""a12""},{""x"":362.90644136737234,""y"":242.27571186241187,""i"":""a13"",""c"":1},{""x"":345.5859332916836,""y"":280.5599831098737,""i"":""a14""},{""x"":380.2269494430612,""y"":252.2757118624118,""i"":""a15""}],""b"":[{""b"":0,""e"":1,""i"":""b8""},{""b"":2,""e"":0,""i"":""b9""},{""b"":0,""e"":3,""i"":""b10""},{""b"":0,""e"":4,""i"":""b11""},{""b"":1,""e"":5,""i"":""b12""},{""b"":5,""e"":2,""i"":""b13""},{""b"":4,""e"":6,""i"":""b14""}]},{""a"":[{""x"":409.9963543281955,""y"":226.85054787154732,""i"":""a16"",""l"":""Cl"",""c"":-1}]},{""a"":[{""x"":512.752354426566,""y"":211.43487281186447,""i"":""a17"",""l"":""Cl"",""c"":-1}]},{""a"":[{""x"":513.0824759228489,""y"":253.0451724359276,""i"":""a18"",""c"":1},{""x"":496.76898897872536,""y"":243.0903991283829,""i"":""a19""},{""x"":520.4029839985376,""y"":273.8220078076802,""i"":""a20""},{""x"":540.4029839985376,""y"":273.8220078076802,""i"":""a21""},{""x"":547.7234920742264,""y"":253.0451724359276,""i"":""a22""},{""x"":530.4029839985376,""y"":243.04517243592767,""i"":""a23""},{""x"":530.4029839985376,""y"":223.04517243592767,""i"":""a24""}],""b"":[{""b"":0,""e"":1,""i"":""b15""},{""b"":2,""e"":0,""i"":""b16""},{""b"":3,""e"":2,""i"":""b17""},{""b"":4,""e"":3,""i"":""b18""},{""b"":0,""e"":5,""i"":""b19""},{""b"":5,""e"":4,""i"":""b20""},{""b"":5,""e"":6,""i"":""b21""}]},{""a"":[{""x"":665.1198285995712,""y"":250.91984952193513,""i"":""a25""},{""x"":672.4403366752599,""y"":271.6966848936877,""i"":""a26""},{""x"":682.4403366752599,""y"":240.9198495219352,""i"":""a27""},{""x"":692.4403366752599,""y"":271.6966848936877,""i"":""a28""},{""x"":699.7608447509488,""y"":250.91984952193513,""i"":""a29""},{""x"":682.4403366752599,""y"":220.9198495219352,""i"":""a30""},{""x"":645.1198285995712,""y"":250.91984952193513,""i"":""a31""},{""x"":647.7993205238824,""y"":240.91984952193513,""i"":""a32"",""l"":""Cl""}],""b"":[{""b"":1,""e"":0,""i"":""b22""},{""b"":0,""e"":2,""i"":""b23""},{""b"":3,""e"":1,""i"":""b24""},{""b"":2,""e"":4,""i"":""b25""},{""b"":2,""e"":5,""i"":""b26""},{""b"":4,""e"":3,""i"":""b27""},{""b"":0,""e"":6,""i"":""b28""},{""b"":0,""e"":7,""i"":""b29""}]}],""s"":[{""i"":""s0"",""t"":""Pusher"",""o1"":""b6"",""o2"":""a7"",""e"":2},{""i"":""s1"",""t"":""Pusher"",""o1"":""b7"",""o2"":""a8"",""e"":2},{""i"":""s2"",""t"":""Pusher"",""o1"":""b8"",""o2"":""a13"",""e"":2},{""i"":""s3"",""t"":""Pusher"",""o1"":""a17"",""o2"":""a18"",""e"":2},{""i"":""s4"",""t"":""Line"",""x1"":272.8990819392928,""y1"":255.71240081171717,""x2"":298.6753125833201,""y2"":255.71240081171717,""a"":""synthetic""},{""i"":""s5"",""t"":""Line"",""x1"":428.0474585824645,""y1"":254.28100202929295,""x2"":453.8236892264918,""y2"":254.28100202929295,""a"":""synthetic""},{""i"":""s6"",""t"":""Line"",""x1"":588.9467481124984,""y1"":255.2330688312458,""x2"":614.7229787565258,""y2"":255.2330688312458,""a"":""synthetic""}]}";no;4;addition;1-methyl-1-vinyl cyclobutane, hydrochloride;1-chloro-1,2-dimethyl cyclopentane;acid;addition of protonium to double bond, rearangement via alkyl shift of ring, addition of chloride to carbocation
"{""m"":[{""a"":[{""x"":346.45607351749504,""y"":242.80425531914892,""i"":""a0""},{""x"":371.98798841111204,""y"":241.7404255319149,""i"":""a1"",""l"":""I""}],""b"":[{""b"":0,""e"":1,""i"":""b0""}]},{""a"":[{""x"":252.83905224089926,""y"":253.44255319148937,""i"":""a2""},{""x"":274.1156479855801,""y"":242.80425531914892,""i"":""a3"",""l"":""O"",""c"":-1}],""b"":[{""b"":0,""e"":1,""i"":""b1""}]},{""a"":[{""x"":481.56245649621843,""y"":256.6340425531915,""i"":""a4""},{""x"":502.83905224089926,""y"":247.05957446808512,""i"":""a5"",""l"":""O""},{""x"":520.1595603165881,""y"":257.0595744680851,""i"":""a6""}],""b"":[{""b"":0,""e"":1,""i"":""b2""},{""b"":1,""e"":2,""i"":""b3""}]},{""a"":[{""x"":558.1582011770695,""y"":255.57021276595745,""i"":""a7"",""l"":""I"",""c"":-1}]}],""s"":[{""i"":""s0"",""t"":""Line"",""x1"":398.5837330919631,""y1"":251.31489361702128,""x2"":429.4531333654671,""y2"":251.31489361702128,""a"":""synthetic""},{""i"":""s1"",""t"":""Pusher"",""o1"":""a3"",""o2"":""a0"",""e"":2},{""i"":""s2"",""t"":""Pusher"",""o1"":""b0"",""o2"":""a1"",""e"":2}]}";no;2;Sn2;methoxide,methyl idodide;dimethylether;base;nucleophilic attack of the methoxide on the methyl idodide
"{""m"":[{""a"":[{""x"":280.43610168209955,""y"":264.36440248676035,""i"":""a0""},{""x"":297.7566097577883,""y"":254.36440248676035,""i"":""a1""},{""x"":315.077117833477,""y"":264.36440248676035,""i"":""a2""},{""x"":297.7566097577883,""y"":234.36440248676027,""i"":""a3""},{""x"":315.077117833477,""y"":244.36440248676027,""i"":""a4"",""l"":""Cl""}],""b"":[{""b"":0,""e"":1,""i"":""b0""},{""b"":1,""e"":2,""i"":""b1""},{""b"":1,""e"":3,""i"":""b2""},{""b"":1,""e"":4,""i"":""b3""}]},{""a"":[{""x"":445.4595954484554,""y"":264.4355975132397,""i"":""a5""},{""x"":462.7801035241441,""y"":254.4355975132397,""i"":""a6"",""c"":1},{""x"":480.100611599833,""y"":264.4355975132397,""i"":""a7""},{""x"":462.7801035241441,""y"":234.43559751323966,""i"":""a8""}],""b"":[{""b"":0,""e"":1,""i"":""b4""},{""b"":1,""e"":2,""i"":""b5""},{""b"":1,""e"":3,""i"":""b6""}]},{""a"":[{""x"":522.7576825764062,""y"":250.0534653465346,""i"":""a9"",""l"":""Cl"",""c"":-1}]},{""a"":[{""x"":197.30277931317565,""y"":261.7522552255225,""i"":""a10"",""l"":""O""},{""x"":214.6232873888644,""y"":251.7522552255225,""i"":""a11""},{""x"":231.9437954645532,""y"":261.7522552255225,""i"":""a12""}],""b"":[{""b"":0,""e"":1,""i"":""b7""},{""b"":1,""e"":2,""i"":""b8""}]},{""a"":[{""x"":563.051138617478,""y"":255.10352035203513,""i"":""a13"",""l"":""O""},{""x"":580.3716466931668,""y"":245.10352035203516,""i"":""a14""},{""x"":597.6921547688556,""y"":255.10352035203513,""i"":""a15""}],""b"":[{""b"":0,""e"":1,""i"":""b9""},{""b"":1,""e"":2,""i"":""b10""}]}],""s"":[{""i"":""s0"",""t"":""Pusher"",""o1"":""b3"",""o2"":""a4"",""e"":2},{""i"":""s1"",""t"":""Line"",""x1"":358.664378597011,""y1"":254.35225522552253,""x2"":401.7108650970728,""y2"":254.35225522552253,""a"":""equilibrium""}]}";no;2;Sn1;ethanol,tert-butylcholride;tert-butyl carbocation;base;loss of leaving group from tert-butylchloride followed by a nucleophilic attac of ethanol on the carbocation
"{""m"":[{""a"":[{""x"":257.33764152863233,""y"":241.37338003165323,""i"":""a0"",""l"":""O"",""c"":-1}]},{""a"":[{""x"":482.96833762113425,""y"":253,""i"":""a1"",""l"":""O""}]},{""a"":[{""x"":535.6555225338677,""y"":242,""i"":""a2"",""l"":""Br"",""c"":-1}]},{""a"":[{""x"":341.5167746832056,""y"":263.69922108585354,""i"":""a3""},{""x"":312.80592818000883,""y"":256.6329152218925,""i"":""a4""},{""x"":341.5167746832056,""y"":283.69922108585365,""i"":""a5"",""l"":""Br""},{""x"":312.80592818000883,""y"":236.6329152218925,""i"":""a6"",""l"":""H""},{""x"":297.0643411291386,""y"":268.9699504054313,""i"":""a7""}],""b"":[{""b"":1,""e"":0,""i"":""b0""},{""b"":0,""e"":2,""i"":""b1""},{""b"":1,""e"":3,""i"":""b2""},{""b"":1,""e"":4,""i"":""b3""}]},{""a"":[{""x"":422.79998779296875,""y"":251,""i"":""a8""},{""x"":440.12049586865754,""y"":241,""i"":""a9""},{""x"":457.4410039443463,""y"":251,""i"":""a10""}],""b"":[{""b"":0,""e"":1,""i"":""b4""},{""b"":1,""e"":2,""i"":""b5"",""o"":2}]}],""s"":[{""i"":""s0"",""t"":""Pusher"",""o1"":""a0"",""o2"":""a6"",""e"":2},{""i"":""s1"",""t"":""Pusher"",""o1"":""b1"",""o2"":""a5"",""e"":2},{""i"":""s2"",""t"":""Line"",""x1"":359.98147714507076,""y1"":247.53776359329706,""x2"":389.5294223505502,""y2"":247.53776359329706,""a"":""synthetic""},{""i"":""s3"",""t"":""Pusher"",""o1"":""b2"",""o2"":""b0"",""e"":2}]}";no;2;E2;1-bromopropane,hydroxide;propene;base;the base hydroxide abstracts an alphaproton from the 1-bromopropane to form a carbon-carbon double bond and bromide departs as a leaving group
"{""m"":[{""a"":[{""x"":353.36134314962464,""y"":200.4771929824561,""i"":""a0""},{""x"":370.6818512253134,""y"":190.4771929824561,""i"":""a1""},{""x"":388.00235930100223,""y"":200.4771929824561,""i"":""a2"",""c"":1},{""x"":405.32286737669097,""y"":190.4771929824561,""i"":""a3""}],""b"":[{""b"":0,""e"":1,""i"":""b0"",""o"":2},{""b"":1,""e"":2,""i"":""b1""},{""b"":2,""e"":3,""i"":""b2""}]},{""a"":[{""x"":450.36134314962464,""y"":196.4771929824561,""i"":""a4"",""l"":""Cl"",""c"":-1}]},{""a"":[{""x"":374.7010891117802,""y"":300.07719298245615,""i"":""a5""},{""x"":392.02159718746907,""y"":310.07719298245615,""i"":""a6""},{""x"":409.3421052631578,""y"":300.07719298245615,""i"":""a7""},{""x"":357.3805810360915,""y"":310.07719298245615,""i"":""a8"",""c"":1}],""b"":[{""b"":0,""e"":1,""i"":""b3"",""o"":2},{""b"":1,""e"":2,""i"":""b4""},{""b"":0,""e"":3,""i"":""b5""}]},{""a"":[{""x"":568.3613431496246,""y"":204.4771929824561,""i"":""a9""},{""x"":585.6818512253135,""y"":194.4771929824561,""i"":""a10""},{""x"":603.0023593010021,""y"":204.47719298245613,""i"":""a11""},{""x"":620.322867376691,""y"":194.47719298245616,""i"":""a12""},{""x"":603.0023593010021,""y"":224.47719298245613,""i"":""a13"",""l"":""Cl""}],""b"":[{""b"":0,""e"":1,""i"":""b6"",""o"":2},{""b"":1,""e"":2,""i"":""b7""},{""b"":2,""e"":3,""i"":""b8""},{""b"":2,""e"":4,""i"":""b9""}]},{""a"":[{""x"":175.41353867864652,""y"":198.49624060150376,""i"":""a14""},{""x"":192.7340467543353,""y"":188.49624060150376,""i"":""a15""},{""x"":210.05455483002405,""y"":198.49624060150376,""i"":""a16""},{""x"":227.37506290571284,""y"":188.49624060150376,""i"":""a17""},{""x"":244.6955709814016,""y"":198.49624060150376,""i"":""a18"",""l"":""O"",""c"":1}],""b"":[{""b"":0,""e"":1,""i"":""b10""},{""b"":1,""e"":2,""i"":""b11"",""o"":2},{""b"":2,""e"":3,""i"":""b12""},{""b"":3,""e"":4,""i"":""b13""}]},{""a"":[{""x"":173.55101123842505,""y"":302.4263157894737,""i"":""a19""},{""x"":190.87151931411384,""y"":292.4263157894737,""i"":""a20""},{""x"":208.19202738980258,""y"":302.4263157894737,""i"":""a21""},{""x"":225.51253546549137,""y"":292.4263157894737,""i"":""a22""},{""x"":242.83304354118013,""y"":302.4263157894737,""i"":""a23"",""l"":""O"",""c"":1}],""b"":[{""b"":0,""e"":1,""i"":""b14""},{""b"":1,""e"":2,""i"":""b15"",""o"":2},{""b"":2,""e"":3,""i"":""b16""},{""b"":3,""e"":4,""i"":""b17""}]}],""s"":[{""i"":""s0"",""t"":""Line"",""x1"":485.36134314962464,""y1"":199.4771929824561,""x2"":533.371758686256,""y2"":199.4771929824561,""a"":""synthetic""},{""i"":""s1"",""t"":""Pusher"",""o1"":""a4"",""o2"":""a2"",""e"":2},{""i"":""s2"",""t"":""Line"",""x1"":377.36134314962464,""y1"":241.4771929824561,""x2"":377.36134314962464,""y2"":273.4928141696204,""a"":""resonance""},{""i"":""s3"",""t"":""Line"",""x1"":282.55639582150366,""y1"":198.49624060150376,""x2"":320.68468835948556,""y2"":198.49624060150376,""a"":""synthetic""},{""i"":""s4"",""t"":""Pusher"",""o1"":""b11"",""o2"":""b12"",""e"":2},{""i"":""s5"",""t"":""Pusher"",""o1"":""b13"",""o2"":""a18"",""e"":2},{""i"":""s6"",""t"":""Line"",""x1"":280.6938683812822,""y1"":302.4263157894737,""x2"":318.82216091926415,""y2"":302.4263157894737,""a"":""synthetic""},{""i"":""s7"",""t"":""Pusher"",""o1"":""b17"",""o2"":""a23"",""e"":2}]}";yes;2;Sn1;allylic butene carbocation, chloride;3-chlorobute-1-ene;acid;the allylic butene carbocation is resonance stabilized and undergoes an addition reaction from chloride to form the 3-chloro-buth-1-ene
"{""m"":[{""a"":[{""x"":336.45607351749504,""y"":242.80425531914892,""i"":""a0""},{""x"":361.98798841111204,""y"":241.7404255319149,""i"":""a1"",""l"":""Br""}],""b"":[{""b"":0,""e"":1,""i"":""b0""}]},{""a"":[{""x"":252.83905224089926,""y"":243.44255319148937,""i"":""a2""},{""x"":274.1156479855801,""y"":232.80425531914892,""i"":""a3"",""l"":""O"",""c"":-1},{""x"":236.14881363848525,""y"":232.4227557616593,""i"":""a4""},{""x"":251.64074702331496,""y"":263.4066225313186,""i"":""a5""},{""x"":269.5292908433133,""y"":254.46235062131944,""i"":""a6""}],""b"":[{""b"":0,""e"":1,""i"":""b1""},{""b"":0,""e"":2,""i"":""b2""},{""b"":0,""e"":3,""i"":""b3""},{""b"":0,""e"":4,""i"":""b4""}]},{""a"":[{""x"":481.56245649621843,""y"":246.63404255319148,""i"":""a7""},{""x"":502.83905224089926,""y"":237.05957446808512,""i"":""a8"",""l"":""O""},{""x"":520.1595603165881,""y"":247.0595744680851,""i"":""a9""},{""x"":465.33551673681654,""y"":234.94274553169976,""i"":""a10""},{""x"":479.5509661521182,""y"":266.53263312125915,""i"":""a11""},{""x"":497.7893962556203,""y"":258.3253395746832,""i"":""a12""}],""b"":[{""b"":0,""e"":1,""i"":""b5""},{""b"":1,""e"":2,""i"":""b6""},{""b"":0,""e"":3,""i"":""b7""},{""b"":0,""e"":4,""i"":""b8""},{""b"":0,""e"":5,""i"":""b9""}]},{""a"":[{""x"":558.1582011770695,""y"":245.57021276595742,""i"":""a13"",""l"":""Br"",""c"":-1}]}],""s"":[{""i"":""s0"",""t"":""Line"",""x1"":398.5837330919631,""y1"":251.31489361702128,""x2"":429.4531333654671,""y2"":251.31489361702128,""a"":""synthetic""},{""i"":""s1"",""t"":""Pusher"",""o1"":""a3"",""o2"":""a0"",""e"":2},{""i"":""s2"",""t"":""Pusher"",""o1"":""b0"",""o2"":""a1"",""e"":2}]}";no;2;Sn2;tert-butyloxide,methylbromide;methyl-tert-butyl ether;base;nucleophilc attack of the tert-butyloxide on the methyl bromide
"{""m"":[{""a"":[{""x"":202.63970301182297,""y"":244.62790697674419,""i"":""a0""},{""x"":219.96021108751177,""y"":254.62790697674419,""i"":""a1""},{""x"":185.31919493613412,""y"":254.62790697674427,""i"":""a2""},{""x"":210.77923789554393,""y"":228.69767441860466,""i"":""a3""},{""x"":191.71454377334345,""y"":228.23255813953494,""i"":""a4"",""l"":""Br""},{""x"":219.96021108751177,""y"":274.62790697674416,""i"":""a5""},{""x"":237.86211451203775,""y"":252.7674418604651,""i"":""a6"",""l"":""H""},{""x"":228.68114132006986,""y"":238.69767441860463,""i"":""a7""},{""x"":185.31919493613424,""y"":274.62790697674427,""i"":""a8""},{""x"":202.63970301182303,""y"":284.62790697674416,""i"":""a9""}],""b"":[{""b"":0,""e"":1,""i"":""b0""},{""b"":2,""e"":0,""i"":""b1""},{""b"":0,""e"":3,""i"":""b2"",""s"":""recessed""},{""b"":0,""e"":4,""i"":""b3"",""s"":""protruding""},{""b"":1,""e"":5,""i"":""b4""},{""b"":1,""e"":6,""i"":""b5"",""s"":""recessed""},{""b"":1,""e"":7,""i"":""b6"",""s"":""protruding""},{""b"":8,""e"":2,""i"":""b7""},{""b"":5,""e"":9,""i"":""b8""},{""b"":9,""e"":8,""i"":""b9""}]},{""a"":[{""x"":352.97531475441934,""y"":240.37209302325581,""i"":""a10"",""c"":1},{""x"":370.29582283010814,""y"":250.37209302325581,""i"":""a11""},{""x"":335.6548066787305,""y"":250.3720930232559,""i"":""a12""},{""x"":352.97531475441934,""y"":220.37209302325581,""i"":""a13""},{""x"":370.29582283010814,""y"":270.37209302325584,""i"":""a14""},{""x"":388.1977262546341,""y"":248.51162790697674,""i"":""a15"",""l"":""H""},{""x"":379.0167530626662,""y"":234.44186046511626,""i"":""a16""},{""x"":335.6548066787306,""y"":270.37209302325584,""i"":""a17""},{""x"":352.9753147544194,""y"":280.37209302325584,""i"":""a18""}],""b"":[{""b"":0,""e"":1,""i"":""b10""},{""b"":2,""e"":0,""i"":""b11""},{""b"":0,""e"":3,""i"":""b12""},{""b"":1,""e"":4,""i"":""b13""},{""b"":1,""e"":5,""i"":""b14"",""s"":""recessed""},{""b"":1,""e"":6,""i"":""b15"",""s"":""protruding""},{""b"":7,""e"":2,""i"":""b16""},{""b"":4,""e"":8,""i"":""b17""},{""b"":8,""e"":7,""i"":""b18""}]},{""a"":[{""x"":411.9699330150025,""y"":261.65116279069764,""i"":""a19"",""l"":""O""}]},{""a"":[{""x"":523.0164446429094,""y"":242.46511627906978,""i"":""a20""},{""x"":540.3369527185982,""y"":252.46511627906978,""i"":""a21""},{""x"":540.3369527185982,""y"":272.4651162790698,""i"":""a22""},{""x"":523.0164446429094,""y"":282.4651162790698,""i"":""a23""},{""x"":505.69593656722077,""y"":272.4651162790699,""i"":""a24""},{""x"":505.69593656722054,""y"":252.4651162790699,""i"":""a25""},{""x"":523.0164446429094,""y"":222.46511627906978,""i"":""a26""},{""x"":557.6574607942871,""y"":242.46511627906978,""i"":""a27""}],""b"":[{""b"":0,""e"":1,""i"":""b19"",""o"":2},{""b"":1,""e"":2,""i"":""b20""},{""b"":2,""e"":3,""i"":""b21""},{""b"":3,""e"":4,""i"":""b22""},{""b"":4,""e"":5,""i"":""b23""},{""b"":5,""e"":0,""i"":""b24""},{""b"":0,""e"":6,""i"":""b25""},{""b"":1,""e"":7,""i"":""b26""}]},{""a"":[{""x"":596.0087469583971,""y"":252.97622739018092,""i"":""a28"",""l"":""O"",""c"":1}]},{""a"":[{""x"":423.01127991738156,""y"":239.13178294573646,""i"":""a29"",""l"":""Br"",""c"":-1}]},{""a"":[{""x"":144.59747314453125,""y"":256.4,""i"":""a30"",""l"":""O""}]}],""s"":[{""i"":""s0"",""t"":""Pusher"",""o1"":""b3"",""o2"":""a4"",""e"":2},{""i"":""s1"",""t"":""Pusher"",""o1"":""b14"",""o2"":""b10"",""e"":2},{""i"":""s2"",""t"":""Line"",""x1"":452.0862120847699,""y1"":257,""x2"":492.3076784950675,""y2"":257,""a"":""synthetic""},{""i"":""s3"",""t"":""Pusher"",""o1"":""a19"",""o2"":""a15"",""e"":2},{""i"":""s4"",""t"":""Line"",""x1"":268.3652818522118,""y1"":257.58139534883725,""x2"":307.9172617398745,""y2"":257.58139534883725,""a"":""equilibrium""}]}";no;3;E1;1-bromo-1 2-dimethylcyclohexane,sodium hydroxide;1,2-dimethylcyclohex-1-ene;base;first create a carbocation after bromide departs as leaving group, then hydrogen is abstracted from an adjacent carbon atom to create a carbon carbon double bond
"{""m"":[{""a"":[{""x"":91.73079551345512,""y"":274.0121472612378,""i"":""a0""},{""x"":109.05130358914386,""y"":264.0121472612378,""i"":""a1""},{""x"":126.37181166483265,""y"":274.0121472612378,""i"":""a2""},{""x"":109.05130358914386,""y"":244.01214726123774,""i"":""a3""},{""x"":126.37181166483259,""y"":254.01214726123774,""i"":""a4"",""l"":""Cl""}],""b"":[{""b"":0,""e"":1,""i"":""b0""},{""b"":1,""e"":2,""i"":""b1""},{""b"":1,""e"":3,""i"":""b2""},{""b"":1,""e"":4,""i"":""b3""}]},{""a"":[{""x"":256.754289279811,""y"":274.0833422877172,""i"":""a5""},{""x"":274.07479735549975,""y"":264.0833422877172,""i"":""a6"",""c"":1},{""x"":291.39530543118855,""y"":274.0833422877172,""i"":""a7""},{""x"":274.07479735549975,""y"":244.08334228771713,""i"":""a8""}],""b"":[{""b"":0,""e"":1,""i"":""b4""},{""b"":1,""e"":2,""i"":""b5""},{""b"":1,""e"":3,""i"":""b6""}]},{""a"":[{""x"":520.6301738233806,""y"":256.81870698697776,""i"":""a9"",""l"":""Cl"",""c"":-1}]},{""a"":[{""x"":315.50315185640056,""y"":240.2913091309131,""i"":""a10"",""l"":""O""}]},{""a"":[{""x"":430.1628418005138,""y"":278.5086908690869,""i"":""a11""},{""x"":447.4833498762025,""y"":268.5086908690869,""i"":""a12""},{""x"":464.8038579518913,""y"":278.5086908690869,""i"":""a13""},{""x"":447.4833498762025,""y"":248.5086908690868,""i"":""a14""},{""x"":464.8038579518913,""y"":258.5086908690869,""i"":""a15"",""l"":""O"",""c"":1},{""x"":482.12436602758,""y"":268.5086908690869,""i"":""a16"",""l"":""H""}],""b"":[{""b"":0,""e"":1,""i"":""b7""},{""b"":1,""e"":2,""i"":""b8""},{""b"":1,""e"":3,""i"":""b9""},{""b"":1,""e"":4,""i"":""b10""},{""b"":4,""e"":5,""i"":""b11""}]},{""a"":[{""x"":673.6281883351672,""y"":269.9938393839383,""i"":""a17""},{""x"":690.9486964108561,""y"":259.9938393839384,""i"":""a18""},{""x"":708.2692044865448,""y"":269.9938393839383,""i"":""a19""},{""x"":690.9486964108561,""y"":239.99383938393834,""i"":""a20""},{""x"":708.2692044865448,""y"":249.99383938393834,""i"":""a21"",""l"":""O""}],""b"":[{""b"":0,""e"":1,""i"":""b12""},{""b"":1,""e"":2,""i"":""b13""},{""b"":1,""e"":3,""i"":""b14""},{""b"":1,""e"":4,""i"":""b15""}]},{""a"":[{""x"":334.0523764077618,""y"":259.7012101210121,""i"":""a22"",""l"":""Cl"",""c"":-1}]},{""a"":[{""x"":609.193688204347,""y"":253.50869086908688,""i"":""a23"",""l"":""Cl""}]},{""a"":[{""x"":39.59747314453125,""y"":263.4,""i"":""a24"",""l"":""O""}]}],""s"":[{""i"":""s0"",""t"":""Pusher"",""o1"":""b3"",""o2"":""a4"",""e"":2},{""i"":""s1"",""t"":""Pusher"",""o1"":""a10"",""o2"":""a6"",""e"":2},{""i"":""s2"",""t"":""Pusher"",""o1"":""a9"",""o2"":""a16"",""e"":2},{""i"":""s3"",""t"":""Pusher"",""o1"":""b11"",""o2"":""a15"",""e"":2},{""i"":""s4"",""t"":""Line"",""x1"":169.95907242836665,""y1"":264,""x2"":213.00555892842843,""y2"":264,""a"":""equilibrium""},{""i"":""s5"",""t"":""Line"",""x1"":360.95907242836665,""y1"":266,""x2"":400.07428685958257,""y2"":266,""a"":""equilibrium""},{""i"":""s6"",""t"":""Line"",""x1"":547.9590724283667,""y1"":267,""x2"":584.9725834750102,""y2"":267,""a"":""equilibrium""}]}";no;4;Sn1;tert-butyl chloride,hydroxide;tert-butyl alcohol;base;first loss of a leaving group as chloride and then nucleophilic attack of water
"{""m"":[{""a"":[{""x"":364.36125214933793,""y"":263.69922108585354,""i"":""a0""},{""x"":335.65040564614117,""y"":256.6329152218925,""i"":""a1""},{""x"":354.1920615997309,""y"":236.30077891414638,""i"":""a2""},{""x"":318.34933720832885,""y"":263.9295771527079,""i"":""a3""},{""x"":335.6160740515055,""y"":244.14777524888567,""i"":""a4""},{""x"":309.3747608622683,""y"":237.5306238411315,""i"":""a5""},{""x"":335.65040564614117,""y"":236.6329152218925,""i"":""a6"",""l"":""H""},{""x"":354.1920615997309,""y"":216.30077891414638,""i"":""a7""},{""x"":364.36125214933793,""y"":283.69922108585365,""i"":""a8"",""l"":""Br""}],""b"":[{""b"":1,""e"":0,""i"":""b0""},{""b"":0,""e"":2,""i"":""b1""},{""b"":3,""e"":1,""i"":""b2""},{""b"":2,""e"":4,""i"":""b3""},{""b"":3,""e"":5,""i"":""b4""},{""b"":4,""e"":5,""i"":""b5""},{""b"":1,""e"":6,""i"":""b6""},{""b"":2,""e"":7,""i"":""b7""},{""b"":0,""e"":8,""i"":""b8""}]},{""a"":[{""x"":280.18211899476466,""y"":241.37338003165323,""i"":""a9"",""l"":""O"",""c"":-1}]},{""a"":[{""x"":481.9470874314302,""y"":257.40136824079445,""i"":""a10""},{""x"":460.77048750357596,""y"":270.1980760754635,""i"":""a11""},{""x"":476.5724174297685,""y"":239.59196716497772,""i"":""a12""},{""x"":440.72969303836635,""y"":267.2207654035393,""i"":""a13""},{""x"":457.9964298815431,""y"":247.438963499717,""i"":""a14""},{""x"":476.5724174297685,""y"":219.59196716497772,""i"":""a15""},{""x"":435.8647057334017,""y"":244.24646962620943,""i"":""a16""}],""b"":[{""b"":1,""e"":0,""i"":""b9"",""o"":2},{""b"":0,""e"":2,""i"":""b10""},{""b"":3,""e"":1,""i"":""b11""},{""b"":2,""e"":4,""i"":""b12""},{""b"":2,""e"":5,""i"":""b13""},{""b"":3,""e"":6,""i"":""b14""},{""b"":4,""e"":6,""i"":""b15""}]},{""a"":[{""x"":505.8128150872666,""y"":253,""i"":""a17"",""l"":""O""}]},{""a"":[{""x"":558.5,""y"":242,""i"":""a18"",""l"":""Br"",""c"":-1}]}],""s"":[{""i"":""s0"",""t"":""Pusher"",""o1"":""a9"",""o2"":""a6"",""e"":2},{""i"":""s1"",""t"":""Pusher"",""o1"":""b6"",""o2"":""b0"",""e"":2},{""i"":""s2"",""t"":""Pusher"",""o1"":""b8"",""o2"":""a8"",""e"":2},{""i"":""s3"",""t"":""Line"",""x1"":391.8259546112031,""y1"":247.53776359329706,""x2"":412.3738998166825,""y2"":247.53776359329706,""a"":""synthetic""}]}";no;2;E2;1-bromo-2-methylcyclohexane,potassium hydroxide;3-methyl-cyclohexene;base;the hydroxyde picks up the C6 proton in an antiperiplanar orientation to the bromide, in the same step a double bond is formed between the C1 and C6 and the bromide departs as leaving group
"{""m"":[{""a"":[{""x"":204.28194666007573,""y"":226.4754199901643,""i"":""a0""},{""x"":221.60245473576458,""y"":236.4754199901643,""i"":""a1""},{""x"":186.9614385843871,""y"":236.47541999016437,""i"":""a2""},{""x"":238.92296281145343,""y"":226.4754199901643,""i"":""a3""},{""x"":221.60245473576458,""y"":256.4754199901643,""i"":""a4"",""c"":1},{""x"":221.60245473576458,""y"":216.4754199901643,""i"":""a5"",""l"":""H""},{""x"":186.9614385843871,""y"":256.47541999016437,""i"":""a6""},{""x"":256.24347088714205,""y"":236.47541999016434,""i"":""a7""},{""x"":238.92296281145343,""y"":206.4754199901643,""i"":""a8"",""l"":""O""},{""x"":204.28194666007596,""y"":266.47541999016437,""i"":""a9""},{""x"":273.56397896283113,""y"":226.47541999016437,""i"":""a10""},{""x"":290.88448703851986,""y"":236.4754199901645,""i"":""a11""}],""b"":[{""b"":0,""e"":1,""i"":""b0""},{""b"":2,""e"":0,""i"":""b1"",""o"":2},{""b"":1,""e"":3,""i"":""b2""},{""b"":4,""e"":1,""i"":""b3""},{""b"":1,""e"":5,""i"":""b4""},{""b"":6,""e"":2,""i"":""b5""},{""b"":3,""e"":7,""i"":""b6""},{""b"":3,""e"":8,""i"":""b7"",""o"":2},{""b"":4,""e"":9,""i"":""b8""},{""b"":9,""e"":6,""i"":""b9"",""o"":2},{""b"":7,""e"":10,""i"":""b10""},{""b"":10,""e"":11,""i"":""b11""}]},{""a"":[{""x"":283.78186407340615,""y"":280.57374002950706,""i"":""a12"",""l"":""Al"",""c"":-1},{""x"":301.102372149095,""y"":270.57374002950706,""i"":""a13"",""l"":""Cl""},{""x"":266.4613559977173,""y"":270.57374002950706,""i"":""a14"",""l"":""Cl""},{""x"":283.78186407340615,""y"":300.573740029507,""i"":""a15"",""l"":""Cl""},{""x"":323.2580868380559,""y"":297.0901267027307,""i"":""a16"",""l"":""Cl""}],""b"":[{""b"":0,""e"":1,""i"":""b12""},{""b"":0,""e"":2,""i"":""b13""},{""b"":0,""e"":3,""i"":""b14""},{""b"":0,""e"":4,""i"":""b15""}]},{""a"":[{""x"":437.60727861812836,""y"":219.426259970493,""i"":""a17""},{""x"":454.9277866938172,""y"":229.426259970493,""i"":""a18""},{""x"":420.28677054243974,""y"":229.42625997049305,""i"":""a19""},{""x"":472.24829476950583,""y"":219.426259970493,""i"":""a20""},{""x"":454.9277866938172,""y"":249.42625997049305,""i"":""a21""},{""x"":420.28677054243974,""y"":249.42625997049305,""i"":""a22""},{""x"":489.5688028451947,""y"":229.42625997049302,""i"":""a23""},{""x"":472.24829476950583,""y"":199.426259970493,""i"":""a24"",""l"":""O""},{""x"":437.6072786181286,""y"":259.426259970493,""i"":""a25""},{""x"":506.88931092088353,""y"":219.42625997049305,""i"":""a26""},{""x"":524.2098189965723,""y"":229.4262599704931,""i"":""a27""}],""b"":[{""b"":0,""e"":1,""i"":""b16""},{""b"":2,""e"":0,""i"":""b17"",""o"":2},{""b"":1,""e"":3,""i"":""b18""},{""b"":4,""e"":1,""i"":""b19"",""o"":2},{""b"":5,""e"":2,""i"":""b20""},{""b"":3,""e"":6,""i"":""b21""},{""b"":3,""e"":7,""i"":""b22"",""o"":2},{""b"":4,""e"":8,""i"":""b23""},{""b"":8,""e"":5,""i"":""b24"",""o"":2},{""b"":6,""e"":9,""i"":""b25""},{""b"":9,""e"":10,""i"":""b26""}]},{""a"":[{""x"":537.4947256519757,""y"":249.95903331694058,""i"":""a28"",""l"":""Cl""}]},{""a"":[{""x"":590.052037714924,""y"":221.92625997049296,""i"":""a29"",""l"":""Al""},{""x"":607.3725457906129,""y"":211.92625997049296,""i"":""a30"",""l"":""Cl""},{""x"":572.7315296392352,""y"":211.92625997049296,""i"":""a31"",""l"":""Cl""},{""x"":590.052037714924,""y"":241.92625997049296,""i"":""a32"",""l"":""Cl""}],""b"":[{""b"":0,""e"":1,""i"":""b27""},{""b"":0,""e"":2,""i"":""b28""},{""b"":0,""e"":3,""i"":""b29""}]}],""s"":[{""i"":""s0"",""t"":""Pusher"",""o1"":""b15"",""o2"":""a5"",""e"":2},{""i"":""s1"",""t"":""Pusher"",""o1"":""b4"",""o2"":""b3"",""e"":2},{""i"":""s2"",""t"":""Line"",""x1"":330.2736294434593,""y1"":238.22953730513774,""x2"":374.66165599070007,""y2"":238.22953730513774,""a"":""synthetic""}]}";no;2;Friedel-Crafts acylation;buthiophenone carbocation;buthiophenone;acid;a carbocation is the startingpoint of the mechanism, aromaticity is restored after deprotonation to create the final acylated benzene
"{""m"":[{""a"":[{""x"":174.0592676644941,""y"":230.62143945123591,""i"":""a0""},{""x"":156.73875958880535,""y"":240.621439451236,""i"":""a1""},{""x"":191.37977574018294,""y"":240.62143945123591,""i"":""a2""},{""x"":156.73875958880535,""y"":260.621439451236,""i"":""a3""},{""x"":191.37977574018294,""y"":260.62143945123586,""i"":""a4""},{""x"":174.0592676644942,""y"":270.621439451236,""i"":""a5""}],""b"":[{""b"":1,""e"":0,""i"":""b0"",""o"":2},{""b"":0,""e"":2,""i"":""b1""},{""b"":3,""e"":1,""i"":""b2""},{""b"":2,""e"":4,""i"":""b3"",""o"":2},{""b"":5,""e"":3,""i"":""b4"",""o"":2},{""b"":4,""e"":5,""i"":""b5""}]},{""a"":[{""x"":556.6048424219503,""y"":229.89366827982707,""i"":""a6""},{""x"":573.9253504976391,""y"":239.89366827982707,""i"":""a7""},{""x"":539.2843343462615,""y"":239.89366827982715,""i"":""a8""},{""x"":573.9253504976391,""y"":259.89366827982707,""i"":""a9""},{""x"":539.2843343462615,""y"":259.8936682798272,""i"":""a10""},{""x"":556.6048424219504,""y"":269.89366827982707,""i"":""a11""}],""b"":[{""b"":0,""e"":1,""i"":""b6""},{""b"":2,""e"":0,""i"":""b7"",""o"":2},{""b"":1,""e"":3,""i"":""b8"",""o"":2},{""b"":4,""e"":2,""i"":""b9""},{""b"":3,""e"":5,""i"":""b10""},{""b"":5,""e"":4,""i"":""b11"",""o"":2}]},{""a"":[{""x"":333.7444181976969,""y"":249.44282829949842,""i"":""a12"",""l"":""Al""},{""x"":351.0649262733857,""y"":239.44282829949842,""i"":""a13"",""l"":""Cl""},{""x"":316.4239101220081,""y"":239.44282829949842,""i"":""a14"",""l"":""Cl""},{""x"":333.7444181976969,""y"":269.44282829949844,""i"":""a15"",""l"":""Cl""}],""b"":[{""b"":0,""e"":1,""i"":""b12""},{""b"":0,""e"":2,""i"":""b13""},{""b"":0,""e"":3,""i"":""b14""}]},{""a"":[{""x"":242.8929074978709,""y"":239.44282829949842,""i"":""a16""},{""x"":260.21341557355964,""y"":249.44282829949842,""i"":""a17""},{""x"":277.53392364924844,""y"":239.44282829949842,""i"":""a18"",""l"":""Cl""},{""x"":260.21341557355964,""y"":269.44282829949844,""i"":""a19""}],""b"":[{""b"":0,""e"":1,""i"":""b15""},{""b"":1,""e"":2,""i"":""b16""},{""b"":1,""e"":3,""i"":""b17""}]},{""a"":[{""x"":461.84349971819,""y"":236.8362736302089,""i"":""a20""},{""x"":479.1640077938788,""y"":246.8362736302089,""i"":""a21"",""c"":1},{""x"":496.48451586956753,""y"":236.8362736302089,""i"":""a22""}],""b"":[{""b"":0,""e"":1,""i"":""b18""},{""b"":1,""e"":2,""i"":""b19""}]},{""a"":[{""x"":620.2747167105058,""y"":249.35717170050154,""i"":""a23"",""l"":""Al"",""c"":-1},{""x"":637.5952247861946,""y"":239.35717170050154,""i"":""a24"",""l"":""Cl""},{""x"":602.9542086348167,""y"":239.35717170050154,""i"":""a25"",""l"":""Cl""},{""x"":620.2747167105058,""y"":269.3571717005015,""i"":""a26"",""l"":""Cl""},{""x"":620.2747167105058,""y"":229.35717170050154,""i"":""a27"",""l"":""Cl""}],""b"":[{""b"":0,""e"":1,""i"":""b20""},{""b"":0,""e"":2,""i"":""b21""},{""b"":0,""e"":3,""i"":""b22""},{""b"":0,""e"":4,""i"":""b23""}]}],""s"":[{""i"":""s0"",""t"":""Line"",""x1"":368.9329062331053,""y1"":248.13955096485364,""x2"":403.0429383429427,""y2"":248.13955096485364,""a"":""synthetic""},{""i"":""s1"",""t"":""Pusher"",""o1"":""b16"",""o2"":""a12"",""e"":2}]}";no;2;Friedel-Crafts alkylation;2-chloropropane,benzene,aluminiumchloride;propane cation;acid;the aluminium chloride picks up the chloride from 2-chloropropane to create a secondary carbocation, this undergoes an addition form benzene in step 2
"{""m"":[{""a"":[{""x"":294.15960089500396,""y"":189.5968386032369,""i"":""a0""},{""x"":311.4801089706928,""y"":199.5968386032369,""i"":""a1""},{""x"":276.8390928193152,""y"":199.596838603237,""i"":""a2""},{""x"":311.4801089706928,""y"":219.5968386032369,""i"":""a3""},{""x"":276.8390928193152,""y"":219.596838603237,""i"":""a4""},{""x"":294.1596008950041,""y"":229.59683860323693,""i"":""a5""}],""b"":[{""b"":0,""e"":1,""i"":""b0""},{""b"":2,""e"":0,""i"":""b1"",""o"":2},{""b"":1,""e"":3,""i"":""b2"",""o"":2},{""b"":4,""e"":2,""i"":""b3""},{""b"":3,""e"":5,""i"":""b4""},{""b"":5,""e"":4,""i"":""b5"",""o"":2}]},{""a"":[{""x"":71.29917667075063,""y"":209.14599862290825,""i"":""a6"",""l"":""Al""},{""x"":88.61968474643939,""y"":199.14599862290825,""i"":""a7"",""l"":""Cl""},{""x"":53.97866859506183,""y"":199.14599862290825,""i"":""a8"",""l"":""Cl""},{""x"":71.29917667075063,""y"":229.14599862290825,""i"":""a9"",""l"":""Cl""}],""b"":[{""b"":0,""e"":1,""i"":""b6""},{""b"":0,""e"":2,""i"":""b7""},{""b"":0,""e"":3,""i"":""b8""}]},{""a"":[{""x"":-36.872842104764175,""y"":209.14599862290825,""i"":""a10""},{""x"":-19.552334029075382,""y"":199.14599862290825,""i"":""a11""},{""x"":-2.2318259533866467,""y"":209.14599862290825,""i"":""a12""},{""x"":15.088682122302146,""y"":199.14599862290825,""i"":""a13"",""l"":""Cl""},{""x"":-2.2318259533866467,""y"":229.14599862290825,""i"":""a14"",""l"":""O""}],""b"":[{""b"":0,""e"":1,""i"":""b9""},{""b"":1,""e"":2,""i"":""b10""},{""b"":2,""e"":3,""i"":""b11""},{""b"":2,""e"":4,""i"":""b12"",""o"":2}]},{""a"":[{""x"":182.07775011555498,""y"":206.53944395361873,""i"":""a15""},{""x"":199.3982581912437,""y"":196.53944395361873,""i"":""a16""},{""x"":216.7187662669325,""y"":206.53944395361873,""i"":""a17"",""c"":1},{""x"":234.0392743426213,""y"":216.53944395361873,""i"":""a18"",""l"":""O""}],""b"":[{""b"":0,""e"":1,""i"":""b13""},{""b"":1,""e"":2,""i"":""b14""},{""b"":2,""e"":3,""i"":""b15"",""o"":2}]},{""a"":[{""x"":186.83122312536125,""y"":317.8642743959619,""i"":""a19""},{""x"":204.15173120105004,""y"":307.8642743959619,""i"":""a20""},{""x"":221.47223927673883,""y"":317.8642743959619,""i"":""a21""},{""x"":238.79274735242768,""y"":327.8642743959619,""i"":""a22"",""l"":""O"",""c"":1}],""b"":[{""b"":0,""e"":1,""i"":""b16""},{""b"":1,""e"":2,""i"":""b17""},{""b"":2,""e"":3,""i"":""b18"",""o"":3}]},{""a"":[{""x"":496.94986718260384,""y"":189.34820544796742,""i"":""a23""},{""x"":514.2703752582927,""y"":199.34820544796742,""i"":""a24""},{""x"":479.6293591069152,""y"":199.34820544796747,""i"":""a25""},{""x"":531.5908833339815,""y"":189.34820544796742,""i"":""a26""},{""x"":514.2703752582927,""y"":219.34820544796742,""i"":""a27"",""c"":1},{""x"":514.2703752582927,""y"":179.34820544796742,""i"":""a28"",""l"":""H""},{""x"":479.6293591069152,""y"":219.34820544796747,""i"":""a29""},{""x"":548.9113914096702,""y"":199.34820544796744,""i"":""a30""},{""x"":531.5908833339815,""y"":169.34820544796742,""i"":""a31"",""l"":""O""},{""x"":496.94986718260407,""y"":229.34820544796744,""i"":""a32""},{""x"":566.2318994853592,""y"":189.34820544796747,""i"":""a33""}],""b"":[{""b"":0,""e"":1,""i"":""b19""},{""b"":2,""e"":0,""i"":""b20"",""o"":2},{""b"":1,""e"":3,""i"":""b21""},{""b"":4,""e"":1,""i"":""b22""},{""b"":1,""e"":5,""i"":""b23""},{""b"":6,""e"":2,""i"":""b24""},{""b"":3,""e"":7,""i"":""b25""},{""b"":3,""e"":8,""i"":""b26"",""o"":2},{""b"":4,""e"":9,""i"":""b27""},{""b"":9,""e"":6,""i"":""b28"",""o"":2},{""b"":7,""e"":10,""i"":""b29""}]},{""a"":[{""x"":576.4497845959343,""y"":243.44652548731017,""i"":""a34"",""l"":""Al"",""c"":-1},{""x"":593.7702926716231,""y"":233.44652548731017,""i"":""a35"",""l"":""Cl""},{""x"":559.1292765202454,""y"":233.44652548731017,""i"":""a36"",""l"":""Cl""},{""x"":576.4497845959343,""y"":263.4465254873101,""i"":""a37"",""l"":""Cl""},{""x"":615.926007360584,""y"":259.9629121605338,""i"":""a38"",""l"":""Cl""}],""b"":[{""b"":0,""e"":1,""i"":""b30""},{""b"":0,""e"":2,""i"":""b31""},{""b"":0,""e"":3,""i"":""b32""},{""b"":0,""e"":4,""i"":""b33""}]},{""a"":[{""x"":730.2751991406565,""y"":182.2990454282961,""i"":""a39""},{""x"":747.5957072163453,""y"":192.2990454282961,""i"":""a40""},{""x"":712.9546910649678,""y"":192.29904542829615,""i"":""a41""},{""x"":764.9162152920339,""y"":182.2990454282961,""i"":""a42""},{""x"":747.5957072163453,""y"":212.29904542829615,""i"":""a43""},{""x"":712.9546910649678,""y"":212.29904542829615,""i"":""a44""},{""x"":782.2367233677228,""y"":192.29904542829613,""i"":""a45""},{""x"":764.9162152920339,""y"":162.2990454282961,""i"":""a46"",""l"":""O""},{""x"":730.2751991406567,""y"":222.29904542829613,""i"":""a47""},{""x"":799.5572314434116,""y"":182.29904542829615,""i"":""a48""}],""b"":[{""b"":0,""e"":1,""i"":""b34""},{""b"":2,""e"":0,""i"":""b35"",""o"":2},{""b"":1,""e"":3,""i"":""b36""},{""b"":4,""e"":1,""i"":""b37"",""o"":2},{""b"":5,""e"":2,""i"":""b38""},{""b"":3,""e"":6,""i"":""b39""},{""b"":3,""e"":7,""i"":""b40"",""o"":2},{""b"":4,""e"":8,""i"":""b41""},{""b"":8,""e"":5,""i"":""b42"",""o"":2},{""b"":6,""e"":9,""i"":""b43""}]},{""a"":[{""x"":830.1626461745038,""y"":212.83181877474368,""i"":""a49"",""l"":""Cl""}]},{""a"":[{""x"":882.7199582374521,""y"":184.79904542829607,""i"":""a50"",""l"":""Al""},{""x"":900.040466313141,""y"":174.79904542829607,""i"":""a51"",""l"":""Cl""},{""x"":865.3994501617633,""y"":174.79904542829607,""i"":""a52"",""l"":""Cl""},{""x"":882.7199582374521,""y"":204.79904542829607,""i"":""a53"",""l"":""Cl""}],""b"":[{""b"":0,""e"":1,""i"":""b44""},{""b"":0,""e"":2,""i"":""b45""},{""b"":0,""e"":3,""i"":""b46""}]},{""a"":[{""x"":75.47751009092855,""y"":315.8550377805299,""i"":""a54"",""l"":""Al""},{""x"":92.79801816661728,""y"":305.8550377805299,""i"":""a55"",""l"":""Cl""},{""x"":58.157002015239755,""y"":305.8550377805299,""i"":""a56"",""l"":""Cl""},{""x"":75.47751009092855,""y"":335.8550377805299,""i"":""a57"",""l"":""Cl""}],""b"":[{""b"":0,""e"":1,""i"":""b47""},{""b"":0,""e"":2,""i"":""b48""},{""b"":0,""e"":3,""i"":""b49""}]},{""a"":[{""x"":-32.69450868458625,""y"":315.8550377805299,""i"":""a58""},{""x"":-15.374000608897461,""y"":305.8550377805299,""i"":""a59""},{""x"":1.9465074667912745,""y"":315.8550377805299,""i"":""a60""},{""x"":19.267015542480067,""y"":305.8550377805299,""i"":""a61"",""l"":""Cl""},{""x"":1.9465074667912745,""y"":335.8550377805299,""i"":""a62"",""l"":""O""}],""b"":[{""b"":0,""e"":1,""i"":""b50""},{""b"":1,""e"":2,""i"":""b51""},{""b"":2,""e"":3,""i"":""b52""},{""b"":2,""e"":4,""i"":""b53"",""o"":2}]},{""a"":[{""x"":293.3963489422872,""y"":299.10944591813774,""i"":""a63""},{""x"":310.71685701797605,""y"":309.10944591813774,""i"":""a64""},{""x"":276.07584086659847,""y"":309.10944591813785,""i"":""a65""},{""x"":310.71685701797605,""y"":329.10944591813774,""i"":""a66""},{""x"":276.07584086659847,""y"":329.10944591813785,""i"":""a67""},{""x"":293.3963489422873,""y"":339.10944591813785,""i"":""a68""}],""b"":[{""b"":0,""e"":1,""i"":""b54""},{""b"":2,""e"":0,""i"":""b55"",""o"":2},{""b"":1,""e"":3,""i"":""b56"",""o"":2},{""b"":4,""e"":2,""i"":""b57""},{""b"":3,""e"":5,""i"":""b58""},{""b"":5,""e"":4,""i"":""b59"",""o"":2}]},{""a"":[{""x"":357.82947518355957,""y"":209.06034202391137,""i"":""a69"",""l"":""Al"",""c"":-1},{""x"":375.14998325924836,""y"":199.06034202391137,""i"":""a70"",""l"":""Cl""},{""x"":340.5089671078705,""y"":199.06034202391137,""i"":""a71"",""l"":""Cl""},{""x"":357.82947518355957,""y"":229.06034202391135,""i"":""a72"",""l"":""Cl""},{""x"":357.82947518355957,""y"":189.06034202391137,""i"":""a73"",""l"":""Cl""}],""b"":[{""b"":0,""e"":1,""i"":""b60""},{""b"":0,""e"":2,""i"":""b61""},{""b"":0,""e"":3,""i"":""b62""},{""b"":0,""e"":4,""i"":""b63""}]},{""a"":[{""x"":356.9946184420868,""y"":317.7009545717038,""i"":""a74"",""l"":""Al"",""c"":-1},{""x"":374.3151265177756,""y"":307.7009545717038,""i"":""a75"",""l"":""Cl""},{""x"":339.6741103663977,""y"":307.7009545717038,""i"":""a76"",""l"":""Cl""},{""x"":356.9946184420868,""y"":337.7009545717039,""i"":""a77"",""l"":""Cl""},{""x"":356.9946184420868,""y"":297.7009545717038,""i"":""a78"",""l"":""Cl""}],""b"":[{""b"":0,""e"":1,""i"":""b64""},{""b"":0,""e"":2,""i"":""b65""},{""b"":0,""e"":3,""i"":""b66""},{""b"":0,""e"":4,""i"":""b67""}]},{""a"":[{""x"":-88.3859738624522,""y"":190.32460977464575,""i"":""a79""},{""x"":-71.06546578676335,""y"":200.32460977464575,""i"":""a80""},{""x"":-105.70648193814094,""y"":200.32460977464584,""i"":""a81""},{""x"":-71.06546578676335,""y"":220.32460977464575,""i"":""a82""},{""x"":-105.70648193814094,""y"":220.32460977464584,""i"":""a83""},{""x"":-88.38597386245209,""y"":230.32460977464578,""i"":""a84""}],""b"":[{""b"":0,""e"":1,""i"":""b68""},{""b"":2,""e"":0,""i"":""b69"",""o"":2},{""b"":1,""e"":3,""i"":""b70"",""o"":2},{""b"":4,""e"":2,""i"":""b71""},{""b"":3,""e"":5,""i"":""b72""},{""b"":5,""e"":4,""i"":""b73"",""o"":2}]},{""a"":[{""x"":-86.97286004219728,""y"":299.1343739342778,""i"":""a85""},{""x"":-69.65235196650843,""y"":309.1343739342778,""i"":""a86""},{""x"":-104.29336811788602,""y"":309.1343739342779,""i"":""a87""},{""x"":-69.65235196650843,""y"":329.1343739342778,""i"":""a88""},{""x"":-104.29336811788602,""y"":329.1343739342779,""i"":""a89""},{""x"":-86.97286004219717,""y"":339.1343739342779,""i"":""a90""}],""b"":[{""b"":0,""e"":1,""i"":""b74""},{""b"":2,""e"":0,""i"":""b75"",""o"":2},{""b"":1,""e"":3,""i"":""b76"",""o"":2},{""b"":4,""e"":2,""i"":""b77""},{""b"":3,""e"":5,""i"":""b78""},{""b"":5,""e"":4,""i"":""b79"",""o"":2}]}],""s"":[{""i"":""s0"",""t"":""Pusher"",""o1"":""b11"",""o2"":""a6"",""e"":2},{""i"":""s1"",""t"":""Pusher"",""o1"":""b1"",""o2"":""a17"",""e"":2},{""i"":""s2"",""t"":""Pusher"",""o1"":""b33"",""o2"":""a28"",""e"":2},{""i"":""s3"",""t"":""Pusher"",""o1"":""b23"",""o2"":""b22"",""e"":2},{""i"":""s4"",""t"":""Line"",""x1"":106.48766470615902,""y1"":207.84272128826348,""x2"":140.59769681599641,""y2"":207.84272128826348,""a"":""synthetic""},{""i"":""s5"",""t"":""Line"",""x1"":398.77784840708904,""y1"":207.61870943616464,""x2"":443.0892777850107,""y2"":207.61870943616464,""a"":""synthetic""},{""i"":""s6"",""t"":""Line"",""x1"":622.9415499659874,""y1"":201.10232276294084,""x2"":667.3295765132282,""y2"":201.10232276294084,""a"":""synthetic""},{""i"":""s7"",""t"":""Line"",""x1"":204.23346480451573,""y1"":243.0312093236719,""x2"":204.23346480451573,""y2"":279.54624008682487,""a"":""resonance""},{""i"":""s8"",""t"":""Line"",""x1"":110.66599812633694,""y1"":314.5517604458851,""x2"":144.77603023617428,""y2"":314.5517604458851,""a"":""synthetic""},{""i"":""s9"",""t"":""Pusher"",""o1"":""a62"",""o2"":""b53"",""e"":2},{""i"":""s10"",""t"":""Pusher"",""o1"":""b52"",""o2"":""a54"",""e"":2},{""i"":""s11"",""t"":""Pusher"",""o1"":""b55"",""o2"":""a21"",""e"":2},{""i"":""s12"",""t"":""Pusher"",""o1"":""b18"",""o2"":""a22"",""e"":2}]}";yes;4;Friedel-Crafts acylation;benzene, aluminumchloride, propionyl chloride;propiophenone;acid;first the aluminium chloride picks up chloride from the acyl chloride to create an acylium ion. This ion undergoes an addition from benzene to create a carbocation. Aromaticity is restored by deprotonation of the carbocation to create the final propiophenone product.
"{""m"":[{""a"":[{""x"":95.34806021055613,""y"":250.96012720156543,""i"":""a0""},{""x"":112.66856828624492,""y"":260.96012720156546,""i"":""a1""},{""x"":78.02755213486728,""y"":260.96012720156557,""i"":""a2""},{""x"":112.66856828624492,""y"":280.9601272015657,""i"":""a3""},{""x"":129.9890763619337,""y"":250.96012720156543,""i"":""a4""},{""x"":78.02755213486739,""y"":280.9601272015658,""i"":""a5""},{""x"":95.34806021055618,""y"":290.9601272015657,""i"":""a6""},{""x"":147.30958443762245,""y"":260.96012720156546,""i"":""a7""},{""x"":129.9890763619337,""y"":230.96012720156537,""i"":""a8"",""l"":""O""}],""b"":[{""b"":0,""e"":1,""i"":""b0""},{""b"":2,""e"":0,""i"":""b1"",""o"":2},{""b"":1,""e"":3,""i"":""b2"",""o"":2},{""b"":1,""e"":4,""i"":""b3""},{""b"":5,""e"":2,""i"":""b4""},{""b"":3,""e"":6,""i"":""b5""},{""b"":4,""e"":7,""i"":""b6""},{""b"":4,""e"":8,""i"":""b7"",""o"":2},{""b"":6,""e"":5,""i"":""b8"",""o"":2}]},{""a"":[{""x"":178.86078036711186,""y"":224.03987279843432,""i"":""a9"",""l"":""Mg"",""c"":1},{""x"":196.18128844280065,""y"":214.03987279843432,""i"":""a10"",""l"":""Br""}],""b"":[{""b"":0,""e"":1,""i"":""b9""}]},{""a"":[{""x"":263.54831015546756,""y"":246.889677103718,""i"":""a11""},{""x"":280.86881823115635,""y"":256.889677103718,""i"":""a12""},{""x"":246.2278020797787,""y"":256.8896771037181,""i"":""a13""},{""x"":280.86881823115635,""y"":276.8896771037181,""i"":""a14""},{""x"":298.18932630684503,""y"":246.889677103718,""i"":""a15""},{""x"":246.22780207977883,""y"":276.8896771037182,""i"":""a16""},{""x"":263.5483101554676,""y"":286.8896771037183,""i"":""a17""},{""x"":315.5098343825339,""y"":256.88967710371804,""i"":""a18""},{""x"":298.18932630684503,""y"":226.889677103718,""i"":""a19"",""l"":""O"",""c"":1},{""x"":315.5098343825339,""y"":216.889677103718,""i"":""a20"",""l"":""Mg""},{""x"":332.83034245822245,""y"":226.889677103718,""i"":""a21"",""l"":""Br""}],""b"":[{""b"":0,""e"":1,""i"":""b10""},{""b"":2,""e"":0,""i"":""b11"",""o"":2},{""b"":1,""e"":3,""i"":""b12"",""o"":2},{""b"":1,""e"":4,""i"":""b13""},{""b"":5,""e"":2,""i"":""b14""},{""b"":3,""e"":6,""i"":""b15""},{""b"":4,""e"":7,""i"":""b16""},{""b"":4,""e"":8,""i"":""b17"",""o"":2},{""b"":6,""e"":5,""i"":""b18"",""o"":2},{""b"":8,""e"":9,""i"":""b19""},{""b"":9,""e"":10,""i"":""b20""}]},{""a"":[{""x"":360.48382341994903,""y"":259.9253913894323,""i"":""a22"",""c"":-1},{""x"":377.80433149563777,""y"":249.92539138943232,""i"":""a23""}],""b"":[{""b"":0,""e"":1,""i"":""b21""}]},{""a"":[{""x"":470.6911672983247,""y"":241.53253424657507,""i"":""a24""},{""x"":488.0116753740134,""y"":251.53253424657507,""i"":""a25""},{""x"":453.3706592226358,""y"":251.53253424657518,""i"":""a26""},{""x"":488.0116753740134,""y"":271.5325342465753,""i"":""a27""},{""x"":505.33218344970226,""y"":241.53253424657507,""i"":""a28""},{""x"":453.37065922263594,""y"":271.53253424657544,""i"":""a29""},{""x"":470.6911672983248,""y"":281.5325342465753,""i"":""a30""},{""x"":522.652691525391,""y"":251.53253424657507,""i"":""a31""},{""x"":505.33218344970226,""y"":221.53253424657504,""i"":""a32"",""l"":""O"",""c"":-1},{""x"":505.33218344970226,""y"":261.5325342465751,""i"":""a33""},{""x"":522.652691525391,""y"":271.5325342465751,""i"":""a34""}],""b"":[{""b"":0,""e"":1,""i"":""b22""},{""b"":2,""e"":0,""i"":""b23"",""o"":2},{""b"":1,""e"":3,""i"":""b24"",""o"":2},{""b"":1,""e"":4,""i"":""b25""},{""b"":5,""e"":2,""i"":""b26""},{""b"":3,""e"":6,""i"":""b27""},{""b"":4,""e"":7,""i"":""b28""},{""b"":4,""e"":8,""i"":""b29""},{""b"":4,""e"":9,""i"":""b30""},{""b"":6,""e"":5,""i"":""b31"",""o"":2},{""b"":9,""e"":10,""i"":""b32""}]},{""a"":[{""x"":559.0624784222834,""y"":229.0325342465752,""i"":""a35"",""l"":""Mg"",""c"":1},{""x"":576.3829864979722,""y"":219.0325342465752,""i"":""a36"",""l"":""Br""}],""b"":[{""b"":0,""e"":1,""i"":""b33""}]},{""a"":[{""x"":572.0909662770921,""y"":263.4968199608609,""i"":""a37"",""l"":""O"",""c"":1},{""x"":589.4114743527808,""y"":253.4968199608609,""i"":""a38"",""l"":""H""}],""b"":[{""b"":0,""e"":1,""i"":""b34""}]},{""a"":[{""x"":651.6728499075977,""y"":238.36110567514658,""i"":""a39""},{""x"":668.9933579832864,""y"":248.36110567514658,""i"":""a40""},{""x"":634.3523418319088,""y"":248.3611056751467,""i"":""a41""},{""x"":668.9933579832864,""y"":268.36110567514686,""i"":""a42""},{""x"":686.3138660589752,""y"":238.36110567514658,""i"":""a43""},{""x"":634.3523418319089,""y"":268.361105675147,""i"":""a44""},{""x"":651.6728499075978,""y"":278.36110567514686,""i"":""a45""},{""x"":703.634374134664,""y"":248.36110567514658,""i"":""a46""},{""x"":686.3138660589752,""y"":258.3611056751466,""i"":""a47""},{""x"":703.634374134664,""y"":268.36110567514663,""i"":""a48""},{""x"":686.3138660589752,""y"":218.36110567514658,""i"":""a49"",""l"":""O""}],""b"":[{""b"":0,""e"":1,""i"":""b35""},{""b"":2,""e"":0,""i"":""b36"",""o"":2},{""b"":1,""e"":3,""i"":""b37"",""o"":2},{""b"":1,""e"":4,""i"":""b38""},{""b"":5,""e"":2,""i"":""b39""},{""b"":3,""e"":6,""i"":""b40""},{""b"":4,""e"":7,""i"":""b41""},{""b"":4,""e"":8,""i"":""b42""},{""b"":6,""e"":5,""i"":""b43"",""o"":2},{""b"":8,""e"":9,""i"":""b44""},{""b"":4,""e"":10,""i"":""b45""}]},{""a"":[{""x"":733.5,""y"":255,""i"":""a50"",""l"":""O""}]}],""s"":[{""i"":""s0"",""t"":""Pusher"",""o1"":""a8"",""o2"":""a9"",""e"":2},{""i"":""s1"",""t"":""Pusher"",""o1"":""a22"",""o2"":""a15"",""e"":2},{""i"":""s2"",""t"":""Pusher"",""o1"":""b17"",""o2"":""a19"",""e"":2},{""i"":""s3"",""t"":""Line"",""x1"":196.1981091342351,""y1"":256.35396281800377,""x2"":229.23382341994937,""y2"":256.35396281800377,""a"":""synthetic""},{""i"":""s4"",""t"":""Pusher"",""o1"":""a32"",""o2"":""a38"",""e"":2},{""i"":""s5"",""t"":""Pusher"",""o1"":""b34"",""o2"":""a37"",""e"":2},{""i"":""s6"",""t"":""Line"",""x1"":396.19810913423504,""y1"":259.0325342465752,""x2"":431.95700983870074,""y2"":259.0325342465752,""a"":""synthetic""},{""i"":""s7"",""t"":""Line"",""x1"":603.3409662770922,""y1"":258.13967710371804,""x2"":625.6802448542294,""y2"":258.13967710371804,""a"":""synthetic""}]}";No;2;Grignard reaction carbonyl;ethyl grignard reagent,acetophenone;2-phenyl-2-butanol;base,acid;firt the magnesiumbromide complex coordinates to the carbonyl, then the carbanion attacks the carbonyl to form an alkoxide addition product, then the alkoxide is protonated to form an alcohol
"{""m"":[{""a"":[{""x"":302.04281125696934,""y"":245.0988700436625,""i"":""a0"",""l"":""H"",""c"":-1}]},{""a"":[{""x"":193.1142398283979,""y"":262.0631557579482,""i"":""a1""},{""x"":210.43474790408666,""y"":252.0631557579482,""i"":""a2""},{""x"":175.7937317527091,""y"":252.0631557579482,""i"":""a3""},{""x"":227.75525597977546,""y"":262.0631557579482,""i"":""a4""},{""x"":210.43474790408663,""y"":232.0631557579482,""i"":""a5"",""l"":""O""}],""b"":[{""b"":0,""e"":1,""i"":""b0""},{""b"":0,""e"":2,""i"":""b1""},{""b"":1,""e"":3,""i"":""b2""},{""b"":1,""e"":4,""i"":""b3"",""o"":2}]},{""a"":[{""x"":409.56154755941157,""y"":266.7368442420518,""i"":""a6""},{""x"":426.8820556351003,""y"":256.7368442420518,""i"":""a7""},{""x"":392.24103948372283,""y"":256.7368442420518,""i"":""a8""},{""x"":444.20256371078915,""y"":266.7368442420518,""i"":""a9""},{""x"":426.8820556351003,""y"":236.73684424205177,""i"":""a10"",""l"":""O"",""c"":-1}],""b"":[{""b"":0,""e"":1,""i"":""b4""},{""b"":0,""e"":2,""i"":""b5""},{""b"":1,""e"":3,""i"":""b6""},{""b"":1,""e"":4,""i"":""b7""}]},{""a"":[{""x"":481.46233392495367,""y"":250.9281587432594,""i"":""a11"",""l"":""H"",""c"":1}]},{""a"":[{""x"":589.5652520959133,""y"":265.86921251996375,""i"":""a12""},{""x"":606.8857601716021,""y"":255.86921251996375,""i"":""a13""},{""x"":572.2447440202245,""y"":255.86921251996375,""i"":""a14""},{""x"":624.2062682472908,""y"":265.86921251996375,""i"":""a15""},{""x"":606.8857601716021,""y"":235.86921251996375,""i"":""a16"",""l"":""O""}],""b"":[{""b"":0,""e"":1,""i"":""b8""},{""b"":0,""e"":2,""i"":""b9""},{""b"":1,""e"":3,""i"":""b10""},{""b"":1,""e"":4,""i"":""b11""}]}],""s"":[{""i"":""s0"",""t"":""Line"",""x1"":310.9713826855407,""y1"":259.38458432937676,""x2"":349.37462048483826,""y2"":259.38458432937676,""a"":""synthetic""},{""i"":""s1"",""t"":""Pusher"",""o1"":""b3"",""o2"":""a5"",""e"":2},{""i"":""s2"",""t"":""Pusher"",""o1"":""a0"",""o2"":""a2"",""e"":2},{""i"":""s3"",""t"":""Line"",""x1"":504.2797049225384,""y1"":261.0692125199637,""x2"":532.1676028084753,""y2"":261.0692125199637,""a"":""synthetic""},{""i"":""s4"",""t"":""Pusher"",""o1"":""a10"",""o2"":""a11"",""e"":2}]}";no;2;hydride reduction ester;2-butanone, hydride;2-butanol;base,acid;first the hydride adds to the carbonyl alkoxide ion, than it is protonated to create the final alcohol product.
"{""m"":[{""a"":[{""x"":165.89172659642395,""y"":249.99999999999994,""i"":""a0""},{""x"":183.21223467211271,""y"":240.00000000000006,""i"":""a1""},{""x"":148.57121852073516,""y"":240.00000000000006,""i"":""a2"",""l"":""O"",""c"":-1},{""x"":165.89172659642395,""y"":269.99999999999994,""i"":""a3"",""l"":""O""},{""x"":200.53274274780148,""y"":249.99999999999994,""i"":""a4"",""l"":""O""}],""b"":[{""b"":0,""e"":1,""i"":""b0""},{""b"":0,""e"":2,""i"":""b1""},{""b"":0,""e"":3,""i"":""b2"",""o"":2},{""b"":1,""e"":4,""i"":""b3"",""o"":2}]},{""a"":[{""x"":231.45399555731254,""y"":251.21729696007816,""i"":""a5"",""l"":""O"",""c"":-1}]},{""a"":[{""x"":399.53882985579037,""y"":254.99999999999994,""i"":""a6"",""l"":""O"",""c"":-1},{""x"":382.2183217801016,""y"":225.00000000000006,""i"":""a7"",""l"":""O""},{""x"":382.2183217801016,""y"":244.99999999999994,""i"":""a8""},{""x"":364.89781370441284,""y"":254.99999999999994,""i"":""a9""},{""x"":347.5773056287241,""y"":244.99999999999994,""i"":""a10"",""l"":""O"",""c"":-1},{""x"":364.89781370441284,""y"":274.99999999999994,""i"":""a11"",""l"":""O""}],""b"":[{""b"":0,""e"":2,""i"":""b4""},{""b"":2,""e"":1,""i"":""b5""},{""b"":3,""e"":2,""i"":""b6""},{""b"":3,""e"":4,""i"":""b7""},{""b"":3,""e"":5,""i"":""b8"",""o"":2}]},{""a"":[{""x"":444.7806154853128,""y"":248.88888888888886,""i"":""a12"",""l"":""O""},{""x"":427.460107409624,""y"":238.88888888888886,""i"":""a13"",""l"":""H""}],""b"":[{""b"":0,""e"":1,""i"":""b9""}]},{""a"":[{""x"":605.7022413141233,""y"":254.99999999999994,""i"":""a14"",""l"":""O""},{""x"":588.3817332384344,""y"":245.00000000000006,""i"":""a15""},{""x"":588.3817332384344,""y"":225.00000000000009,""i"":""a16"",""l"":""O""},{""x"":571.061225162746,""y"":254.99999999999994,""i"":""a17""},{""x"":553.7407170870572,""y"":245.00000000000006,""i"":""a18"",""l"":""O"",""c"":-1},{""x"":571.061225162746,""y"":274.99999999999994,""i"":""a19"",""l"":""O""}],""b"":[{""b"":0,""e"":1,""i"":""b10""},{""b"":1,""e"":2,""i"":""b11""},{""b"":3,""e"":1,""i"":""b12""},{""b"":3,""e"":4,""i"":""b13""},{""b"":3,""e"":5,""i"":""b14"",""o"":2}]},{""a"":[{""x"":637.0889377292649,""y"":248.15510204081642,""i"":""a20"",""l"":""O"",""c"":-1}]}],""s"":[{""i"":""s0"",""t"":""Line"",""x1"":275.89172659642395,""y1"":253.33333333333331,""x2"":311.46463902660645,""y2"":253.33333333333331,""a"":""equilibrium""},{""i"":""s1"",""t"":""Pusher"",""o1"":""a6"",""o2"":""a13"",""e"":2},{""i"":""s2"",""t"":""Pusher"",""o1"":""b9"",""o2"":""a12"",""e"":2},{""i"":""s3"",""t"":""Line"",""x1"":484.78061548531275,""y1"":255.5555555555556,""x2"":524.9192640812869,""y2"":255.5555555555556,""a"":""equilibrium""},{""i"":""s4"",""t"":""Pusher"",""o1"":""a5"",""o2"":""a1"",""e"":2},{""i"":""s5"",""t"":""Pusher"",""o1"":""b3"",""o2"":""a4"",""e"":2}]}";no;3;carbonyl addition reaction;glyoxylate,hydroxide;glyoxylate hydrate;base;first the hydroxide attacks the electrophilic carbonyl carbon and the carbon oxygen double bond breaks open towards oxygen. In the second step the negatively charged oxygen picks up a hydrogen atom from water to create the hydrate product.
"{""m"":[{""a"":[{""x"":230.24964031602565,""y"":170.6670033670034,""i"":""a0"",""l"":""O""},{""x"":247.57014839171438,""y"":180.6670033670034,""i"":""a1""},{""x"":212.9291322403368,""y"":180.6670033670035,""i"":""a2""},{""x"":247.57014839171444,""y"":200.6670033670034,""i"":""a3""},{""x"":264.8906564674032,""y"":170.6670033670034,""i"":""a4"",""l"":""O"",""c"":1},{""x"":212.9291322403369,""y"":200.6670033670035,""i"":""a5""},{""x"":195.60862416464795,""y"":170.6670033670035,""i"":""a6""},{""x"":230.24964031602565,""y"":210.6670033670034,""i"":""a7""},{""x"":264.89065646740323,""y"":210.6670033670034,""i"":""a8"",""l"":""O""},{""x"":195.60862416464818,""y"":210.6670033670035,""i"":""a9"",""l"":""O""},{""x"":178.2881160889592,""y"":180.66700336700362,""i"":""a10"",""l"":""O""},{""x"":230.2496403160257,""y"":230.6670033670034,""i"":""a11"",""l"":""O""}],""b"":[{""b"":0,""e"":1,""i"":""b0""},{""b"":2,""e"":0,""i"":""b1""},{""b"":1,""e"":3,""i"":""b2""},{""b"":1,""e"":4,""i"":""b3""},{""b"":5,""e"":2,""i"":""b4""},{""b"":2,""e"":6,""i"":""b5""},{""b"":3,""e"":7,""i"":""b6""},{""b"":3,""e"":8,""i"":""b7""},{""b"":7,""e"":5,""i"":""b8""},{""b"":5,""e"":9,""i"":""b9""},{""b"":6,""e"":10,""i"":""b10""},{""b"":7,""e"":11,""i"":""b11""}]},{""a"":[{""x"":537.2496403160258,""y"":166.6670033670034,""i"":""a12"",""l"":""O""},{""x"":554.5701483917144,""y"":176.6670033670034,""i"":""a13""},{""x"":519.9291322403369,""y"":176.6670033670035,""i"":""a14""},{""x"":554.5701483917146,""y"":196.6670033670034,""i"":""a15""},{""x"":571.8906564674032,""y"":166.6670033670034,""i"":""a16"",""l"":""O""},{""x"":519.9291322403369,""y"":196.6670033670035,""i"":""a17""},{""x"":502.60862416464795,""y"":166.6670033670035,""i"":""a18""},{""x"":537.2496403160258,""y"":206.6670033670034,""i"":""a19""},{""x"":571.8906564674032,""y"":206.6670033670034,""i"":""a20"",""l"":""O""},{""x"":502.6086241646482,""y"":206.6670033670035,""i"":""a21"",""l"":""O""},{""x"":485.2881160889592,""y"":176.66700336700362,""i"":""a22"",""l"":""O""},{""x"":537.2496403160258,""y"":226.6670033670034,""i"":""a23"",""l"":""O""}],""b"":[{""b"":0,""e"":1,""i"":""b12""},{""b"":2,""e"":0,""i"":""b13""},{""b"":1,""e"":3,""i"":""b14""},{""b"":1,""e"":4,""i"":""b15""},{""b"":5,""e"":2,""i"":""b16""},{""b"":2,""e"":6,""i"":""b17""},{""b"":3,""e"":7,""i"":""b18""},{""b"":3,""e"":8,""i"":""b19""},{""b"":7,""e"":5,""i"":""b20""},{""b"":5,""e"":9,""i"":""b21""},{""b"":6,""e"":10,""i"":""b22""},{""b"":7,""e"":11,""i"":""b23""}]},{""a"":[{""x"":417.24964031602565,""y"":169.6670033670034,""i"":""a24"",""l"":""O"",""c"":1},{""x"":434.5701483917144,""y"":179.6670033670034,""i"":""a25""},{""x"":399.9291322403368,""y"":179.6670033670035,""i"":""a26""},{""x"":434.5701483917145,""y"":199.6670033670034,""i"":""a27""},{""x"":399.9291322403369,""y"":199.6670033670035,""i"":""a28""},{""x"":382.60862416464795,""y"":169.6670033670035,""i"":""a29""},{""x"":417.24964031602565,""y"":209.6670033670034,""i"":""a30""},{""x"":451.89065646740323,""y"":209.6670033670034,""i"":""a31"",""l"":""O""},{""x"":382.6086241646482,""y"":209.6670033670035,""i"":""a32"",""l"":""O""},{""x"":365.2881160889592,""y"":179.66700336700362,""i"":""a33"",""l"":""O""},{""x"":417.24964031602565,""y"":229.6670033670034,""i"":""a34"",""l"":""O""}],""b"":[{""b"":0,""e"":1,""i"":""b24"",""o"":2},{""b"":2,""e"":0,""i"":""b25""},{""b"":1,""e"":3,""i"":""b26""},{""b"":4,""e"":2,""i"":""b27""},{""b"":2,""e"":5,""i"":""b28""},{""b"":3,""e"":6,""i"":""b29""},{""b"":3,""e"":7,""i"":""b30""},{""b"":6,""e"":4,""i"":""b31""},{""b"":4,""e"":8,""i"":""b32""},{""b"":5,""e"":9,""i"":""b33""},{""b"":6,""e"":10,""i"":""b34""}]},{""a"":[{""x"":416.24964031602565,""y"":305.6670033670034,""i"":""a35"",""l"":""O""},{""x"":433.5701483917144,""y"":315.6670033670034,""i"":""a36"",""c"":1},{""x"":398.9291322403368,""y"":315.66700336700353,""i"":""a37""},{""x"":433.5701483917145,""y"":335.6670033670034,""i"":""a38""},{""x"":398.9291322403369,""y"":335.66700336700353,""i"":""a39""},{""x"":381.60862416464795,""y"":305.66700336700353,""i"":""a40""},{""x"":416.24964031602565,""y"":345.6670033670034,""i"":""a41""},{""x"":450.89065646740323,""y"":345.6670033670034,""i"":""a42"",""l"":""O""},{""x"":381.6086241646482,""y"":345.66700336700353,""i"":""a43"",""l"":""O""},{""x"":364.2881160889592,""y"":315.66700336700364,""i"":""a44"",""l"":""O""},{""x"":416.24964031602565,""y"":365.6670033670034,""i"":""a45"",""l"":""O""}],""b"":[{""b"":0,""e"":1,""i"":""b35""},{""b"":2,""e"":0,""i"":""b36""},{""b"":1,""e"":3,""i"":""b37""},{""b"":4,""e"":2,""i"":""b38""},{""b"":2,""e"":5,""i"":""b39""},{""b"":3,""e"":6,""i"":""b40""},{""b"":3,""e"":7,""i"":""b41""},{""b"":6,""e"":4,""i"":""b42""},{""b"":4,""e"":8,""i"":""b43""},{""b"":5,""e"":9,""i"":""b44""},{""b"":6,""e"":10,""i"":""b45""}]},{""a"":[{""x"":781.7311217975071,""y"":191.296632996633,""i"":""a46"",""l"":""O""},{""x"":799.0516298731957,""y"":181.296632996633,""i"":""a47""},{""x"":764.410613721818,""y"":181.2966329966329,""i"":""a48""},{""x"":799.0516298731957,""y"":161.296632996633,""i"":""a49""},{""x"":816.3721379488848,""y"":191.296632996633,""i"":""a50"",""l"":""O""},{""x"":764.410613721818,""y"":161.2966329966329,""i"":""a51""},{""x"":747.0901056461291,""y"":191.2966329966329,""i"":""a52""},{""x"":781.7311217975071,""y"":151.296632996633,""i"":""a53""},{""x"":816.3721379488852,""y"":151.296632996633,""i"":""a54"",""l"":""O""},{""x"":747.0901056461291,""y"":151.2966329966329,""i"":""a55"",""l"":""O""},{""x"":729.7695975704405,""y"":181.29663299663278,""i"":""a56"",""l"":""O"",""c"":1},{""x"":781.7311217975071,""y"":131.296632996633,""i"":""a57"",""l"":""O""},{""x"":713.0516298731959,""y"":191.296632996633,""i"":""a58""},{""x"":695.7311217975071,""y"":181.296632996633,""i"":""a59"",""l"":""O""},{""x"":713.0516298731959,""y"":211.296632996633,""i"":""a60""},{""x"":678.4106137218182,""y"":191.29663299663312,""i"":""a61""},{""x"":695.7311217975071,""y"":221.296632996633,""i"":""a62""},{""x"":730.3721379488848,""y"":221.296632996633,""i"":""a63"",""l"":""O""},{""x"":678.4106137218184,""y"":211.29663299663312,""i"":""a64""},{""x"":661.0901056461294,""y"":181.29663299663312,""i"":""a65""},{""x"":695.7311217975071,""y"":241.296632996633,""i"":""a66"",""l"":""O""},{""x"":661.0901056461296,""y"":221.29663299663312,""i"":""a67"",""l"":""O""},{""x"":643.7695975704407,""y"":191.29663299663324,""i"":""a68"",""l"":""O""}],""b"":[{""b"":0,""e"":1,""i"":""b46""},{""b"":2,""e"":0,""i"":""b47""},{""b"":1,""e"":3,""i"":""b48""},{""b"":1,""e"":4,""i"":""b49""},{""b"":5,""e"":2,""i"":""b50""},{""b"":2,""e"":6,""i"":""b51""},{""b"":3,""e"":7,""i"":""b52""},{""b"":3,""e"":8,""i"":""b53""},{""b"":7,""e"":5,""i"":""b54""},{""b"":5,""e"":9,""i"":""b55""},{""b"":6,""e"":10,""i"":""b56""},{""b"":7,""e"":11,""i"":""b57""},{""b"":10,""e"":12,""i"":""b58""},{""b"":13,""e"":12,""i"":""b59""},{""b"":12,""e"":14,""i"":""b60""},{""b"":15,""e"":13,""i"":""b61""},{""b"":14,""e"":16,""i"":""b62""},{""b"":14,""e"":17,""i"":""b63""},{""b"":18,""e"":15,""i"":""b64""},{""b"":15,""e"":19,""i"":""b65""},{""b"":16,""e"":18,""i"":""b66""},{""b"":16,""e"":20,""i"":""b67""},{""b"":18,""e"":21,""i"":""b68""},{""b"":19,""e"":22,""i"":""b69""}]},{""a"":[{""x"":541.7977887891295,""y"":301.7040404040405,""i"":""a69"",""l"":""O""},{""x"":559.1182968648181,""y"":311.7040404040405,""i"":""a70""},{""x"":524.4772807134407,""y"":311.7040404040406,""i"":""a71""},{""x"":559.1182968648184,""y"":331.7040404040405,""i"":""a72""},{""x"":576.438804940507,""y"":301.7040404040405,""i"":""a73"",""l"":""O""},{""x"":524.4772807134407,""y"":331.7040404040406,""i"":""a74""},{""x"":507.1567726377517,""y"":301.7040404040406,""i"":""a75""},{""x"":541.7977887891295,""y"":341.7040404040405,""i"":""a76""},{""x"":576.438804940507,""y"":341.7040404040405,""i"":""a77"",""l"":""O""},{""x"":507.15677263775194,""y"":341.7040404040406,""i"":""a78"",""l"":""O""},{""x"":489.836264562063,""y"":311.7040404040407,""i"":""a79"",""l"":""O""},{""x"":541.7977887891295,""y"":361.7040404040405,""i"":""a80"",""l"":""O""}],""b"":[{""b"":0,""e"":1,""i"":""b70""},{""b"":2,""e"":0,""i"":""b71""},{""b"":1,""e"":3,""i"":""b72""},{""b"":1,""e"":4,""i"":""b73""},{""b"":5,""e"":2,""i"":""b74""},{""b"":2,""e"":6,""i"":""b75""},{""b"":3,""e"":7,""i"":""b76""},{""b"":3,""e"":8,""i"":""b77""},{""b"":7,""e"":5,""i"":""b78""},{""b"":5,""e"":9,""i"":""b79""},{""b"":6,""e"":10,""i"":""b80""},{""b"":7,""e"":11,""i"":""b81""}]},{""a"":[{""x"":240.61647877122584,""y"":308.703367003367,""i"":""a81"",""l"":""O""},{""x"":257.9369868469146,""y"":318.703367003367,""i"":""a82""},{""x"":223.295970695537,""y"":318.70336700336713,""i"":""a83""},{""x"":257.93698684691464,""y"":338.703367003367,""i"":""a84""},{""x"":275.25749492260337,""y"":308.703367003367,""i"":""a85"",""l"":""O"",""c"":1},{""x"":223.2959706955371,""y"":338.70336700336713,""i"":""a86""},{""x"":205.97546261984814,""y"":308.70336700336713,""i"":""a87""},{""x"":240.61647877122584,""y"":348.703367003367,""i"":""a88""},{""x"":275.2574949226034,""y"":348.703367003367,""i"":""a89"",""l"":""O""},{""x"":205.97546261984837,""y"":348.70336700336713,""i"":""a90"",""l"":""O""},{""x"":188.6549545441594,""y"":318.70336700336725,""i"":""a91"",""l"":""O""},{""x"":240.6164787712259,""y"":368.703367003367,""i"":""a92"",""l"":""O""}],""b"":[{""b"":0,""e"":1,""i"":""b82""},{""b"":2,""e"":0,""i"":""b83""},{""b"":1,""e"":3,""i"":""b84""},{""b"":1,""e"":4,""i"":""b85""},{""b"":5,""e"":2,""i"":""b86""},{""b"":2,""e"":6,""i"":""b87""},{""b"":3,""e"":7,""i"":""b88""},{""b"":3,""e"":8,""i"":""b89""},{""b"":7,""e"":5,""i"":""b90""},{""b"":5,""e"":9,""i"":""b91""},{""b"":6,""e"":10,""i"":""b92""},{""b"":7,""e"":11,""i"":""b93""}]}],""s"":[{""i"":""s0"",""t"":""Line"",""x1"":415.5893862781812,""y1"":249.6670033670034,""x2"":415.5893862781812,""y2"":285.6808895777416,""a"":""resonance""},{""i"":""s1"",""t"":""Pusher"",""o1"":""b85"",""o2"":""a85"",""e"":2},{""i"":""s2"",""t"":""Pusher"",""o1"":""a79"",""o2"":""a36"",""e"":2},{""i"":""s3"",""t"":""Pusher"",""o1"":""a22"",""o2"":""a25"",""e"":2},{""i"":""s4"",""t"":""Pusher"",""o1"":""b24"",""o2"":""a24"",""e"":2},{""i"":""s5"",""t"":""Pusher"",""o1"":""a0"",""o2"":""b0"",""e"":2},{""i"":""s6"",""t"":""Pusher"",""o1"":""b3"",""o2"":""a4"",""e"":2},{""i"":""s7"",""t"":""Line"",""x1"":303.56081485739486,""y1"":193.44251357108502,""x2"":329.25403590232173,""y2"":193.44251357108502,""a"":""synthetic""},{""i"":""s8"",""t"":""Line"",""x1"":304.58122302066016,""y1"":336.2996564282279,""x2"":333.1526515920887,""y2"":336.2996564282279,""a"":""synthetic""},{""i"":""s9"",""t"":""Line"",""x1"":594.377141388007,""y1"":197.52414622414625,""x2"":613.7648964900479,""y2"":197.52414622414625,""a"":""synthetic""}]}";yes;2;formation glycoside bond;pyranohexose;dissacharide;acid;
"{""m"":[{""a"":[{""x"":-108.61168137377399,""y"":213.93061224489796,""i"":""a0""},{""x"":-91.29117329808525,""y"":203.93061224489796,""i"":""a1""},{""x"":-125.93218944946284,""y"":203.93061224489796,""i"":""a2""},{""x"":-73.97066522239652,""y"":213.93061224489796,""i"":""a3"",""l"":""O""},{""x"":-91.29117329808525,""y"":183.93061224489796,""i"":""a4"",""l"":""O""},{""x"":-73.9706652223964,""y"":173.93061224489796,""i"":""a5""}],""b"":[{""b"":0,""e"":1,""i"":""b0""},{""b"":0,""e"":2,""i"":""b1""},{""b"":1,""e"":3,""i"":""b2""},{""b"":1,""e"":4,""i"":""b3""},{""b"":4,""e"":5,""i"":""b4""}]},{""a"":[{""x"":-9.632089537039292,""y"":195.56326530612247,""i"":""a6"",""l"":""S""},{""x"":7.688418538649444,""y"":185.56326530612247,""i"":""a7"",""l"":""O""},{""x"":-26.952597612728084,""y"":205.56326530612247,""i"":""a8"",""l"":""O""},{""x"":0.3679104629607082,""y"":212.88377338181124,""i"":""a9"",""l"":""O""},{""x"":-19.632089537039292,""y"":178.2427572304337,""i"":""a10"",""l"":""O""},{""x"":-44.27310568841688,""y"":195.56326530612247,""i"":""a11"",""l"":""H""}],""b"":[{""b"":0,""e"":1,""i"":""b5""},{""b"":0,""e"":2,""i"":""b6""},{""b"":0,""e"":3,""i"":""b7"",""o"":2},{""b"":0,""e"":4,""i"":""b8"",""o"":2},{""b"":2,""e"":5,""i"":""b9""}]},{""a"":[{""x"":126.23779036072051,""y"":216.78775510204088,""i"":""a12""},{""x"":143.5582984364093,""y"":206.78775510204082,""i"":""a13""},{""x"":108.91728228503177,""y"":206.78775510204082,""i"":""a14""},{""x"":160.8788065120981,""y"":216.78775510204088,""i"":""a15"",""l"":""O"",""c"":1},{""x"":143.5582984364093,""y"":186.78775510204082,""i"":""a16"",""l"":""O""},{""x"":160.8788065120981,""y"":176.78775510204082,""i"":""a17""}],""b"":[{""b"":0,""e"":1,""i"":""b10""},{""b"":0,""e"":2,""i"":""b11""},{""b"":1,""e"":3,""i"":""b12""},{""b"":1,""e"":4,""i"":""b13""},{""b"":4,""e"":5,""i"":""b14""}]},{""a"":[{""x"":225.2173821974555,""y"":198.42040816326534,""i"":""a18"",""l"":""S""},{""x"":242.53789027314428,""y"":188.42040816326534,""i"":""a19"",""l"":""O""},{""x"":207.89687412176656,""y"":208.4204081632654,""i"":""a20"",""l"":""O"",""c"":-1},{""x"":235.21738219745555,""y"":215.74091623895413,""i"":""a21"",""l"":""O""},{""x"":215.21738219745546,""y"":181.0999000875766,""i"":""a22"",""l"":""O""}],""b"":[{""b"":0,""e"":1,""i"":""b15""},{""b"":0,""e"":2,""i"":""b16""},{""b"":0,""e"":3,""i"":""b17"",""o"":2},{""b"":0,""e"":4,""i"":""b18"",""o"":2}]},{""a"":[{""x"":429.55158393234905,""y"":206.7877551020408,""i"":""a23"",""l"":""O""},{""x"":446.8720920080379,""y"":196.7877551020408,""i"":""a24""}],""b"":[{""b"":0,""e"":1,""i"":""b19""}]},{""a"":[{""x"":353.9525543843005,""y"":221.32857142857148,""i"":""a25""},{""x"":371.2730624599894,""y"":211.32857142857142,""i"":""a26""},{""x"":336.6320463086119,""y"":211.32857142857142,""i"":""a27""},{""x"":371.2730624599894,""y"":191.3285714285714,""i"":""a28"",""l"":""O"",""c"":1},{""x"":388.593570535678,""y"":181.3285714285714,""i"":""a29""}],""b"":[{""b"":0,""e"":1,""i"":""b20""},{""b"":0,""e"":2,""i"":""b21""},{""b"":1,""e"":3,""i"":""b22"",""o"":2},{""b"":3,""e"":4,""i"":""b23""}]},{""a"":[{""x"":124.01713612612622,""y"":327.4122448979591,""i"":""a30""},{""x"":141.33764420181495,""y"":317.4122448979591,""i"":""a31""},{""x"":106.69662805043737,""y"":317.4122448979591,""i"":""a32""},{""x"":158.6581522775037,""y"":327.4122448979591,""i"":""a33"",""l"":""O"",""c"":1},{""x"":141.33764420181495,""y"":297.4122448979591,""i"":""a34"",""l"":""O""},{""x"":158.6581522775037,""y"":287.4122448979591,""i"":""a35""}],""b"":[{""b"":0,""e"":1,""i"":""b24""},{""b"":0,""e"":2,""i"":""b25""},{""b"":1,""e"":3,""i"":""b26""},{""b"":1,""e"":4,""i"":""b27""},{""b"":4,""e"":5,""i"":""b28""}]},{""a"":[{""x"":222.99672796286114,""y"":309.0448979591836,""i"":""a36"",""l"":""S""},{""x"":240.31723603854994,""y"":299.0448979591836,""i"":""a37"",""l"":""O""},{""x"":205.6762198871722,""y"":319.0448979591837,""i"":""a38"",""l"":""O"",""c"":-1},{""x"":232.9967279628613,""y"":326.3654060348724,""i"":""a39"",""l"":""O""},{""x"":212.9967279628611,""y"":291.72438988349484,""i"":""a40"",""l"":""O""}],""b"":[{""b"":0,""e"":1,""i"":""b29""},{""b"":0,""e"":2,""i"":""b30""},{""b"":0,""e"":3,""i"":""b31"",""o"":2},{""b"":0,""e"":4,""i"":""b32"",""o"":2}]},{""a"":[{""x"":427.3309296977549,""y"":317.4122448979591,""i"":""a41"",""l"":""O""},{""x"":444.6514377734438,""y"":307.412244897959,""i"":""a42""}],""b"":[{""b"":0,""e"":1,""i"":""b33""}]},{""a"":[{""x"":351.7319001497064,""y"":331.9530612244897,""i"":""a43""},{""x"":369.05240822539525,""y"":321.9530612244897,""i"":""a44"",""c"":1},{""x"":334.41139207401767,""y"":321.9530612244897,""i"":""a45""},{""x"":369.05240822539525,""y"":301.9530612244896,""i"":""a46"",""l"":""O""},{""x"":386.3729163010839,""y"":291.9530612244897,""i"":""a47""}],""b"":[{""b"":0,""e"":1,""i"":""b34""},{""b"":0,""e"":2,""i"":""b35""},{""b"":1,""e"":3,""i"":""b36""},{""b"":3,""e"":4,""i"":""b37""}]},{""a"":[{""x"":495.8781145445939,""y"":202.70612244897958,""i"":""a48"",""l"":""O""}]},{""a"":[{""x"":498.93933903439006,""y"":311.8897959183673,""i"":""a49"",""l"":""O""}]},{""a"":[{""x"":616.8989279682658,""y"":216.22653061224494,""i"":""a50""},{""x"":634.2194360439546,""y"":206.2265306122449,""i"":""a51""},{""x"":599.5784198925771,""y"":206.2265306122449,""i"":""a52""},{""x"":634.2194360439546,""y"":186.22653061224486,""i"":""a53"",""l"":""O""},{""x"":651.5399441196432,""y"":176.22653061224486,""i"":""a54""},{""x"":651.5399441196435,""y"":216.2265306122449,""i"":""a55"",""l"":""O"",""c"":1},{""x"":668.8604521953321,""y"":206.22653061224491,""i"":""a56""},{""x"":651.5399441196435,""y"":236.2265306122449,""i"":""a57"",""l"":""H""}],""b"":[{""b"":0,""e"":1,""i"":""b38""},{""b"":0,""e"":2,""i"":""b39""},{""b"":1,""e"":3,""i"":""b40""},{""b"":3,""e"":4,""i"":""b41""},{""b"":1,""e"":5,""i"":""b42""},{""b"":5,""e"":6,""i"":""b43""},{""b"":5,""e"":7,""i"":""b44""}]},{""a"":[{""x"":709.7556655650014,""y"":197.60408163265308,""i"":""a58"",""l"":""O""}]},{""a"":[{""x"":830.3943411627818,""y"":211.3877551020409,""i"":""a59""},{""x"":847.7148492384706,""y"":201.38775510204084,""i"":""a60""},{""x"":813.0738330870931,""y"":201.38775510204084,""i"":""a61""},{""x"":847.7148492384706,""y"":181.3877551020408,""i"":""a62"",""l"":""O""},{""x"":865.0353573141592,""y"":211.38775510204084,""i"":""a63"",""l"":""O""},{""x"":865.0353573141592,""y"":171.3877551020408,""i"":""a64""},{""x"":882.3558653898481,""y"":201.38775510204087,""i"":""a65""}],""b"":[{""b"":0,""e"":1,""i"":""b45""},{""b"":0,""e"":2,""i"":""b46""},{""b"":1,""e"":3,""i"":""b47""},{""b"":1,""e"":4,""i"":""b48""},{""b"":3,""e"":5,""i"":""b49""},{""b"":4,""e"":6,""i"":""b50""}]},{""a"":[{""x"":925.5982050744628,""y"":201.13636363636365,""i"":""a66"",""l"":""O"",""c"":1}]}],""s"":[{""i"":""s0"",""t"":""Line"",""x1"":40.36791046296065,""y1"":198.62448979591838,""x2"":75.07679077254221,""y2"":198.62448979591838,""a"":""equilibrium""},{""i"":""s1"",""t"":""Line"",""x1"":275.25836826735394,""y1"":201.88979591836733,""x2"":309.9672485769357,""y2"":201.88979591836733,""a"":""equilibrium""},{""i"":""s2"",""t"":""Line"",""x1"":273.0377140327598,""y1"":312.5142857142856,""x2"":307.74659434234155,""y2"":312.5142857142856,""a"":""equilibrium""},{""i"":""s3"",""t"":""Line"",""x1"":359.75566556500206,""y1"":243.52244897959184,""x2"":359.75566556500206,""y2"":279.23673469387757,""a"":""resonance""},{""i"":""s4"",""t"":""Pusher"",""o1"":""a3"",""o2"":""a11"",""e"":2},{""i"":""s5"",""t"":""Pusher"",""o1"":""b9"",""o2"":""a8"",""e"":2},{""i"":""s6"",""t"":""Pusher"",""o1"":""a16"",""o2"":""b13"",""e"":2},{""i"":""s7"",""t"":""Pusher"",""o1"":""b12"",""o2"":""a15"",""e"":2},{""i"":""s8"",""t"":""Pusher"",""o1"":""b26"",""o2"":""a33"",""e"":2},{""i"":""s9"",""t"":""Line"",""x1"":538.2047418513193,""y1"":196.7877551020408,""x2"":572.913622160901,""y2"":196.7877551020408,""a"":""equilibrium""},{""i"":""s10"",""t"":""Line"",""x1"":746.6869396959248,""y1"":196.78775510204085,""x2"":781.3958200055065,""y2"":196.78775510204085,""a"":""equilibrium""},{""i"":""s11"",""t"":""Pusher"",""o1"":""a23"",""o2"":""a26"",""e"":2},{""i"":""s12"",""t"":""Pusher"",""o1"":""b22"",""o2"":""a28"",""e"":2},{""i"":""s13"",""t"":""Pusher"",""o1"":""a41"",""o2"":""a44"",""e"":2},{""i"":""s14"",""t"":""Pusher"",""o1"":""a58"",""o2"":""a57"",""e"":2},{""i"":""s15"",""t"":""Pusher"",""o1"":""b44"",""o2"":""a55"",""e"":2}]}";yes;5;acetal formation;1-hydroxy-1-methoxypropane,sulfuric acid,methanol;1,1-dimethoxypropane;acid;first the hydroxyl group is protonated to create a good leaving group. Second water departs as a good leaving group creating a resonance stablized oxonium ion . Third a lone pair of electrons from the oxygen on the metanol attacks the electrophilic carbon next to the oxonium ion. Lastly the positively charged oxygen is deprotonated to form the acetal product of propan-1-one
"{""m"":[{""a"":[{""x"":285.3890023169555,""y"":234.1254188824778,""i"":""a0""},{""x"":302.70951039264435,""y"":244.1254188824778,""i"":""a1""},{""x"":268.06849424126676,""y"":244.1254188824778,""i"":""a2""},{""x"":285.3890023169555,""y"":214.1254188824778,""i"":""a3""},{""x"":302.70951039264435,""y"":264.1254188824778,""i"":""a4""},{""x"":268.068494241267,""y"":264.1254188824778,""i"":""a5""},{""x"":302.70951039264435,""y"":204.12541888247782,""i"":""a6"",""l"":""O"",""c"":1},{""x"":268.06849424126676,""y"":204.12541888247776,""i"":""a7"",""l"":""N""},{""x"":285.3890023169555,""y"":274.1254188824777,""i"":""a8""},{""x"":250.74798616557786,""y"":214.12541888247773,""i"":""a9""},{""x"":233.42747808988923,""y"":204.1254188824777,""i"":""a10""}],""b"":[{""b"":0,""e"":1,""i"":""b0""},{""b"":2,""e"":0,""i"":""b1"",""o"":2},{""b"":0,""e"":3,""i"":""b2""},{""b"":1,""e"":4,""i"":""b3"",""o"":2},{""b"":5,""e"":2,""i"":""b4""},{""b"":3,""e"":6,""i"":""b5""},{""b"":3,""e"":7,""i"":""b6""},{""b"":4,""e"":8,""i"":""b7""},{""b"":8,""e"":5,""i"":""b8"",""o"":2},{""b"":7,""e"":9,""i"":""b9""},{""b"":9,""e"":10,""i"":""b10""}]},{""a"":[{""x"":459.0948882844035,""y"":231.45171160027536,""i"":""a11""},{""x"":476.41539636009236,""y"":241.4517116002754,""i"":""a12""},{""x"":441.77438020871466,""y"":241.4517116002754,""i"":""a13""},{""x"":459.0948882844035,""y"":211.45171160027536,""i"":""a14""},{""x"":476.41539636009236,""y"":261.4517116002754,""i"":""a15""},{""x"":441.7743802087149,""y"":261.4517116002754,""i"":""a16""},{""x"":441.77438020871466,""y"":201.4517116002753,""i"":""a17"",""l"":""N"",""c"":1},{""x"":459.0948882844035,""y"":271.4517116002753,""i"":""a18""},{""x"":424.4538721330258,""y"":211.45171160027525,""i"":""a19""},{""x"":441.7743802087149,""y"":181.4517116002753,""i"":""a20"",""l"":""H""},{""x"":407.1333640573374,""y"":201.45171160027525,""i"":""a21""}],""b"":[{""b"":0,""e"":1,""i"":""b11""},{""b"":2,""e"":0,""i"":""b12"",""o"":2},{""b"":0,""e"":3,""i"":""b13""},{""b"":1,""e"":4,""i"":""b14"",""o"":2},{""b"":5,""e"":2,""i"":""b15""},{""b"":3,""e"":6,""i"":""b16"",""o"":2},{""b"":4,""e"":7,""i"":""b17""},{""b"":7,""e"":5,""i"":""b18"",""o"":2},{""b"":6,""e"":8,""i"":""b19""},{""b"":6,""e"":9,""i"":""b20""},{""b"":8,""e"":10,""i"":""b21""}]},{""a"":[{""x"":610.548593720297,""y"":231.62537504629313,""i"":""a22""},{""x"":627.8691017959859,""y"":241.62537504629321,""i"":""a23""},{""x"":593.2280856446082,""y"":241.62537504629321,""i"":""a24""},{""x"":610.548593720297,""y"":211.62537504629313,""i"":""a25""},{""x"":627.8691017959859,""y"":261.62537504629324,""i"":""a26""},{""x"":593.2280856446084,""y"":261.62537504629324,""i"":""a27""},{""x"":593.2280856446082,""y"":201.62537504629307,""i"":""a28"",""l"":""N""},{""x"":610.548593720297,""y"":271.625375046293,""i"":""a29""},{""x"":575.9075775689194,""y"":211.62537504629302,""i"":""a30""},{""x"":558.587069493231,""y"":201.62537504629302,""i"":""a31""}],""b"":[{""b"":0,""e"":1,""i"":""b22""},{""b"":2,""e"":0,""i"":""b23"",""o"":2},{""b"":0,""e"":3,""i"":""b24""},{""b"":1,""e"":4,""i"":""b25"",""o"":2},{""b"":5,""e"":2,""i"":""b26""},{""b"":3,""e"":6,""i"":""b27"",""o"":2},{""b"":4,""e"":7,""i"":""b28""},{""b"":7,""e"":5,""i"":""b29"",""o"":2},{""b"":6,""e"":8,""i"":""b30""},{""b"":8,""e"":9,""i"":""b31""}]},{""a"":[{""x"":479.833369768161,""y"":193.9150333039127,""i"":""a32"",""l"":""Ba""}]}],""s"":[{""i"":""s0"",""t"":""Pusher"",""o1"":""a7"",""o2"":""b6"",""e"":2},{""i"":""s1"",""t"":""Pusher"",""o1"":""b5"",""o2"":""a6"",""e"":2},{""i"":""s2"",""t"":""Pusher"",""o1"":""a32"",""o2"":""a20"",""e"":2},{""i"":""s3"",""t"":""Pusher"",""o1"":""b20"",""o2"":""a17"",""e"":2},{""i"":""s4"",""t"":""Line"",""x1"":359.9289002759248,""y1"":236.41985348562582,""x2"":394.67079327966235,""y2"":236.41985348562582,""a"":""synthetic""},{""i"":""s5"",""t"":""Line"",""x1"":503.4280235522323,""y1"":230.37778513714977,""x2"":536.7964366519523,""y2"":230.37778513714977,""a"":""synthetic""}]}";no;5;imine formation;benzaldehyde,ethylamine;N-phenylpropan-1-imine;acid;first water is expelled as leaving group creating an iminium ion, next is a deprotonation step to create the neutrally charged imine product.
"{""m"":[{""a"":[{""x"":140.75203496619605,""y"":255.96509971509968,""i"":""a0""},{""x"":158.07254304188484,""y"":245.96509971509968,""i"":""a1""},{""x"":140.75203496619605,""y"":275.96509971509965,""i"":""a2""},{""x"":123.43152689050723,""y"":245.96509971509963,""i"":""a3""},{""x"":175.39305111757358,""y"":255.9650997150997,""i"":""a4"",""l"":""Cl""},{""x"":158.07254304188484,""y"":225.96509971509968,""i"":""a5"",""l"":""O""},{""x"":123.43152689050726,""y"":285.96509971509965,""i"":""a6""},{""x"":106.11101881481848,""y"":255.96509971509965,""i"":""a7""},{""x"":106.1110188148185,""y"":275.96509971509965,""i"":""a8""}],""b"":[{""b"":0,""e"":1,""i"":""b0""},{""b"":0,""e"":2,""i"":""b1""},{""b"":3,""e"":0,""i"":""b2"",""o"":2},{""b"":1,""e"":4,""i"":""b3""},{""b"":1,""e"":5,""i"":""b4"",""o"":2},{""b"":2,""e"":6,""i"":""b5"",""o"":2},{""b"":7,""e"":3,""i"":""b6""},{""b"":6,""e"":8,""i"":""b7""},{""b"":8,""e"":7,""i"":""b8"",""o"":2}]},{""a"":[{""x"":233.44266444742664,""y"":267.94767052119994,""i"":""a9"",""l"":""N""},{""x"":250.76317252311543,""y"":257.94767052119994,""i"":""a10""},{""x"":268.08368059880416,""y"":267.94767052119994,""i"":""a11""}],""b"":[{""b"":0,""e"":1,""i"":""b9""},{""b"":1,""e"":2,""i"":""b10""}]},{""a"":[{""x"":391.0671724761428,""y"":253.0947293447294,""i"":""a12""},{""x"":408.3876805518315,""y"":243.0947293447294,""i"":""a13""},{""x"":391.0671724761428,""y"":273.0947293447294,""i"":""a14""},{""x"":373.74666440045394,""y"":243.09472934472933,""i"":""a15""},{""x"":419.344552263884,""y"":257.64018389018395,""i"":""a16"",""l"":""Cl""},{""x"":408.3876805518315,""y"":223.0947293447294,""i"":""a17"",""l"":""O"",""c"":-1},{""x"":429.34455226388394,""y"":243.0947293447294,""i"":""a18"",""l"":""N"",""c"":1},{""x"":373.74666440045394,""y"":283.09472934472933,""i"":""a19""},{""x"":356.4261563247652,""y"":253.09472934472933,""i"":""a20""},{""x"":446.66506033957273,""y"":253.09472934472936,""i"":""a21""},{""x"":356.4261563247652,""y"":273.09472934472933,""i"":""a22""},{""x"":463.9855684152616,""y"":243.09472934472933,""i"":""a23""}],""b"":[{""b"":0,""e"":1,""i"":""b11""},{""b"":0,""e"":2,""i"":""b12""},{""b"":3,""e"":0,""i"":""b13"",""o"":2},{""b"":1,""e"":4,""i"":""b14""},{""b"":1,""e"":5,""i"":""b15""},{""b"":1,""e"":6,""i"":""b16""},{""b"":2,""e"":7,""i"":""b17"",""o"":2},{""b"":8,""e"":3,""i"":""b18""},{""b"":6,""e"":9,""i"":""b19""},{""b"":7,""e"":10,""i"":""b20""},{""b"":10,""e"":8,""i"":""b21"",""o"":2},{""b"":9,""e"":11,""i"":""b22""}]},{""a"":[{""x"":577.1316301657379,""y"":249.03490028490035,""i"":""a24""},{""x"":594.4521382414266,""y"":239.03490028490035,""i"":""a25""},{""x"":577.1316301657379,""y"":269.0349002849004,""i"":""a26""},{""x"":559.811122090049,""y"":239.0349002849003,""i"":""a27""},{""x"":611.7726463171155,""y"":249.03490028490035,""i"":""a28"",""l"":""N"",""c"":1},{""x"":594.4521382414266,""y"":219.03490028490035,""i"":""a29"",""l"":""O""},{""x"":559.8111220900491,""y"":279.03490028490035,""i"":""a30""},{""x"":542.4906140143603,""y"":249.0349002849003,""i"":""a31""},{""x"":629.0931543928042,""y"":239.03490028490037,""i"":""a32""},{""x"":542.4906140143603,""y"":269.0349002849003,""i"":""a33""},{""x"":646.4136624684929,""y"":249.0349002849004,""i"":""a34""}],""b"":[{""b"":0,""e"":1,""i"":""b23""},{""b"":0,""e"":2,""i"":""b24""},{""b"":3,""e"":0,""i"":""b25"",""o"":2},{""b"":1,""e"":4,""i"":""b26""},{""b"":1,""e"":5,""i"":""b27"",""o"":2},{""b"":2,""e"":6,""i"":""b28"",""o"":2},{""b"":7,""e"":3,""i"":""b29""},{""b"":4,""e"":8,""i"":""b30""},{""b"":6,""e"":9,""i"":""b31""},{""b"":9,""e"":7,""i"":""b32"",""o"":2},{""b"":8,""e"":10,""i"":""b33""}]},{""a"":[{""x"":682.5491374351815,""y"":254.06695156695162,""i"":""a35"",""l"":""Cl"",""c"":-1}]}],""s"":[{""i"":""s0"",""t"":""Pusher"",""o1"":""a9"",""o2"":""a1"",""e"":2},{""i"":""s1"",""t"":""Pusher"",""o1"":""b4"",""o2"":""a5"",""e"":2},{""i"":""s2"",""t"":""Pusher"",""o1"":""a17"",""o2"":""b15"",""e"":2},{""i"":""s3"",""t"":""Pusher"",""o1"":""b14"",""o2"":""a16"",""e"":2},{""i"":""s4"",""t"":""Line"",""x1"":305.0491374351814,""y1"":257.8169515669516,""x2"":340.0491374351814,""y2"":257.8169515669516,""a"":""synthetic""},{""i"":""s5"",""t"":""Line"",""x1"":495.0491374351815,""y1"":259.0669515669516,""x2"":530.0491374351815,""y2"":259.0669515669516,""a"":""synthetic""}]}";no;2;amide bond formation;"ethyl amine;benzoyl chloride";N-ethylbenzamide;base;
"{""m"":[{""a"":[{""x"":223.17330418357994,""y"":260.23644135826555,""i"":""a0""},{""x"":240.4938122592687,""y"":250.23644135826558,""i"":""a1""},{""x"":257.8143203349575,""y"":260.23644135826555,""i"":""a2"",""l"":""O""},{""x"":240.4938122592687,""y"":230.23644135826558,""i"":""a3"",""l"":""O""}],""b"":[{""b"":0,""e"":1,""i"":""b0""},{""b"":1,""e"":2,""i"":""b1""},{""b"":1,""e"":3,""i"":""b2"",""o"":2}]},{""a"":[{""x"":376.7413730117371,""y"":260.9959098491868,""i"":""a4""},{""x"":394.06188108742583,""y"":250.99590984918677,""i"":""a5""},{""x"":411.38238916311457,""y"":260.9959098491868,""i"":""a6"",""l"":""O""},{""x"":394.06188108742583,""y"":230.99590984918677,""i"":""a7"",""l"":""O"",""c"":1}],""b"":[{""b"":0,""e"":1,""i"":""b3""},{""b"":1,""e"":2,""i"":""b4""},{""b"":1,""e"":3,""i"":""b5"",""o"":2}]},{""a"":[{""x"":452.5267892555448,""y"":261.4499518612919,""i"":""a8"",""l"":""O""},{""x"":469.8472973312336,""y"":251.44995186129182,""i"":""a9""},{""x"":487.16780540692235,""y"":261.4499518612919,""i"":""a10""},{""x"":469.8472973312336,""y"":231.44995186129182,""i"":""a11""}],""b"":[{""b"":0,""e"":1,""i"":""b6""},{""b"":1,""e"":2,""i"":""b7""},{""b"":1,""e"":3,""i"":""b8""}]},{""a"":[{""x"":139.95580101575098,""y"":263.4229308552392,""i"":""a12"",""l"":""O""},{""x"":157.27630909143977,""y"":253.42293085523923,""i"":""a13""},{""x"":174.5968171671285,""y"":263.4229308552392,""i"":""a14""},{""x"":157.27630909143977,""y"":233.42293085523923,""i"":""a15""}],""b"":[{""b"":0,""e"":1,""i"":""b9""},{""b"":1,""e"":2,""i"":""b10""},{""b"":1,""e"":3,""i"":""b11""}]},{""a"":[{""x"":591.6887640451816,""y"":261.38239934616047,""i"":""a16""},{""x"":609.0092721208703,""y"":251.38239934616044,""i"":""a17""},{""x"":614.1946751662963,""y"":271.09048337037063,""i"":""a18"",""l"":""O""},{""x"":609.0092721208703,""y"":231.38239934616044,""i"":""a19"",""l"":""O""},{""x"":631.3981169149029,""y"":255.33974596215558,""i"":""a20"",""l"":""O"",""c"":1},{""x"":648.7186249905915,""y"":245.3397459621556,""i"":""a21""},{""x"":641.3981169149029,""y"":272.6602540378444,""i"":""a22"",""l"":""H""},{""x"":666.0391330662803,""y"":255.33974596215558,""i"":""a23""},{""x"":648.7186249905915,""y"":225.3397459621556,""i"":""a24""}],""b"":[{""b"":0,""e"":1,""i"":""b12""},{""b"":1,""e"":2,""i"":""b13""},{""b"":1,""e"":3,""i"":""b14""},{""b"":1,""e"":4,""i"":""b15""},{""b"":4,""e"":5,""i"":""b16""},{""b"":4,""e"":6,""i"":""b17""},{""b"":5,""e"":7,""i"":""b18""},{""b"":5,""e"":8,""i"":""b19""}]},{""a"":[{""x"":289.3636169433594,""y"":253,""i"":""a25"",""l"":""H""},{""x"":309.3636169433594,""y"":253,""i"":""a26"",""l"":""Cl""}],""b"":[{""b"":0,""e"":1,""i"":""b20""}]},{""a"":[{""x"":509.3636169433594,""y"":251,""i"":""a27"",""l"":""Cl"",""c"":-1}]}],""s"":[{""i"":""s0"",""t"":""Pusher"",""o1"":""a8"",""o2"":""a5"",""e"":2},{""i"":""s1"",""t"":""Pusher"",""o1"":""b5"",""o2"":""a7"",""e"":2},{""i"":""s2"",""t"":""Line"",""x1"":320.2541444256815,""y1"":252.95537834010793,""x2"":351.8054175043644,""y2"":252.95537834010793,""a"":""synthetic""},{""i"":""s3"",""t"":""Line"",""x1"":531.9103984310684,""y1"":256.809420352213,""x2"":559.9264639280123,""y2"":256.809420352213,""a"":""synthetic""},{""i"":""s4"",""t"":""Pusher"",""o1"":""a3"",""o2"":""a25"",""e"":2},{""i"":""s5"",""t"":""Pusher"",""o1"":""b20"",""o2"":""a26"",""e"":2}]}";no;3;Fischer estrification;"ethanoic acid; isopropanol; HCl";isopropyl acetate;acid;
"{""m"":[{""a"":[{""x"":12.078686622133318,""y"":231.99999999999997,""i"":""a0""},{""x"":29.39919469782211,""y"":241.99999999999997,""i"":""a1""},{""x"":29.39919469782214,""y"":262,""i"":""a2""},{""x"":12.078686622133375,""y"":272,""i"":""a3""},{""x"":-5.241821453555417,""y"":262.00000000000006,""i"":""a4""},{""x"":-5.241821453555502,""y"":242.00000000000006,""i"":""a5""},{""x"":46.719702773510875,""y"":231.99999999999994,""i"":""a6""},{""x"":-22.562329529244153,""y"":272.0000000000001,""i"":""a7""},{""x"":-39.882837604932945,""y"":262.00000000000017,""i"":""a8"",""l"":""O""},{""x"":-22.562329529244096,""y"":292.00000000000017,""i"":""a9"",""l"":""O"",""c"":-1},{""x"":64.04021084919967,""y"":241.99999999999991,""i"":""a10"",""l"":""S""},{""x"":46.719702773510846,""y"":211.99999999999994,""i"":""a11"",""l"":""O""},{""x"":81.36071892488843,""y"":231.9999999999999,""i"":""a12""},{""x"":98.68122700057722,""y"":241.99999999999986,""i"":""a13"",""l"":""O""}],""b"":[{""b"":0,""e"":1,""i"":""b0"",""o"":2},{""b"":1,""e"":2,""i"":""b1""},{""b"":2,""e"":3,""i"":""b2"",""o"":2},{""b"":3,""e"":4,""i"":""b3""},{""b"":4,""e"":5,""i"":""b4"",""o"":2},{""b"":5,""e"":0,""i"":""b5""},{""b"":1,""e"":6,""i"":""b6""},{""b"":4,""e"":7,""i"":""b7""},{""b"":7,""e"":8,""i"":""b8"",""o"":2},{""b"":7,""e"":9,""i"":""b9""},{""b"":6,""e"":10,""i"":""b10""},{""b"":6,""e"":11,""i"":""b11"",""o"":2},{""b"":10,""e"":12,""i"":""b12""},{""b"":12,""e"":13,""i"":""b13""}]},{""a"":[{""x"":137.07868662213332,""y"":260,""i"":""a14"",""l"":""O"",""c"":-1}]},{""a"":[{""x"":260.42517073394447,""y"":230.99999999999991,""i"":""a15""},{""x"":277.7456788096333,""y"":240.99999999999991,""i"":""a16""},{""x"":243.10466265825568,""y"":241,""i"":""a17""},{""x"":277.7456788096333,""y"":260.9999999999999,""i"":""a18""},{""x"":295.06618688532205,""y"":230.9999999999999,""i"":""a19""},{""x"":243.10466265825573,""y"":261,""i"":""a20""},{""x"":260.4251707339446,""y"":270.99999999999994,""i"":""a21""},{""x"":312.38669496101085,""y"":240.99999999999986,""i"":""a22"",""l"":""S""},{""x"":225.784154582567,""y"":271.00000000000006,""i"":""a23""},{""x"":329.70720303669964,""y"":230.99999999999983,""i"":""a24""},{""x"":208.46364650687826,""y"":261.0000000000001,""i"":""a25"",""l"":""O""},{""x"":225.7841545825671,""y"":291.00000000000006,""i"":""a26"",""l"":""O"",""c"":-1},{""x"":347.0277111123884,""y"":240.9999999999998,""i"":""a27"",""l"":""O""},{""x"":295.06618688532205,""y"":210.9999999999999,""i"":""a28"",""l"":""O"",""c"":-1},{""x"":305.06618688532205,""y"":249.9999999999999,""i"":""a29"",""l"":""O""}],""b"":[{""b"":0,""e"":1,""i"":""b14"",""o"":2},{""b"":2,""e"":0,""i"":""b15""},{""b"":1,""e"":3,""i"":""b16""},{""b"":1,""e"":4,""i"":""b17""},{""b"":5,""e"":2,""i"":""b18"",""o"":2},{""b"":3,""e"":6,""i"":""b19"",""o"":2},{""b"":4,""e"":7,""i"":""b20""},{""b"":6,""e"":5,""i"":""b21""},{""b"":5,""e"":8,""i"":""b22""},{""b"":7,""e"":9,""i"":""b23""},{""b"":8,""e"":10,""i"":""b24"",""o"":2},{""b"":8,""e"":11,""i"":""b25""},{""b"":9,""e"":12,""i"":""b26""},{""b"":4,""e"":13,""i"":""b27""},{""b"":4,""e"":14,""i"":""b28""}]},{""a"":[{""x"":471.73894065997774,""y"":227.99999999999991,""i"":""a30""},{""x"":489.0594487356665,""y"":237.99999999999991,""i"":""a31""},{""x"":454.4184325842889,""y"":237.99999999999997,""i"":""a32""},{""x"":489.0594487356665,""y"":257.9999999999999,""i"":""a33""},{""x"":506.3799568113552,""y"":227.99999999999986,""i"":""a34""},{""x"":454.4184325842889,""y"":258,""i"":""a35""},{""x"":471.73894065997774,""y"":268,""i"":""a36""},{""x"":506.3799568113552,""y"":207.99999999999986,""i"":""a37"",""l"":""O""},{""x"":437.0979245086003,""y"":268.0000000000001,""i"":""a38""},{""x"":419.7774164329114,""y"":258.0000000000001,""i"":""a39"",""l"":""O""},{""x"":437.0979245086003,""y"":288.00000000000006,""i"":""a40"",""l"":""O"",""c"":-1},{""x"":523.7004648870441,""y"":237.99999999999986,""i"":""a41"",""l"":""O""},{""x"":541.0209729627328,""y"":227.99999999999983,""i"":""a42"",""l"":""H""}],""b"":[{""b"":0,""e"":1,""i"":""b29"",""o"":2},{""b"":2,""e"":0,""i"":""b30""},{""b"":1,""e"":3,""i"":""b31""},{""b"":1,""e"":4,""i"":""b32""},{""b"":5,""e"":2,""i"":""b33"",""o"":2},{""b"":3,""e"":6,""i"":""b34"",""o"":2},{""b"":4,""e"":7,""i"":""b35"",""o"":2},{""b"":6,""e"":5,""i"":""b36""},{""b"":5,""e"":8,""i"":""b37""},{""b"":8,""e"":9,""i"":""b38"",""o"":2},{""b"":8,""e"":10,""i"":""b39""},{""b"":4,""e"":11,""i"":""b40""},{""b"":11,""e"":12,""i"":""b41""}]},{""a"":[{""x"":556.0786866221333,""y"":249.99999999999997,""i"":""a43"",""l"":""S"",""c"":-1},{""x"":573.399194697822,""y"":239.99999999999997,""i"":""a44""},{""x"":590.7197027735108,""y"":249.99999999999997,""i"":""a45"",""l"":""O""}],""b"":[{""b"":0,""e"":1,""i"":""b42""},{""b"":1,""e"":2,""i"":""b43""}]},{""a"":[{""x"":712.2360598664,""y"":228.99999999999991,""i"":""a46""},{""x"":729.5565679420887,""y"":238.99999999999991,""i"":""a47""},{""x"":694.9155517907111,""y"":238.99999999999997,""i"":""a48""},{""x"":729.5565679420887,""y"":258.9999999999999,""i"":""a49""},{""x"":746.8770760177774,""y"":228.99999999999986,""i"":""a50""},{""x"":694.9155517907111,""y"":259,""i"":""a51""},{""x"":712.2360598664,""y"":269,""i"":""a52""},{""x"":746.8770760177774,""y"":208.99999999999986,""i"":""a53"",""l"":""O""},{""x"":764.1975840934663,""y"":238.99999999999986,""i"":""a54"",""l"":""O"",""c"":-1},{""x"":677.5950437150225,""y"":269.0000000000001,""i"":""a55""},{""x"":660.2745356393336,""y"":259.0000000000001,""i"":""a56"",""l"":""O""},{""x"":677.5950437150225,""y"":289.00000000000006,""i"":""a57"",""l"":""O"",""c"":-1}],""b"":[{""b"":0,""e"":1,""i"":""b44"",""o"":2},{""b"":2,""e"":0,""i"":""b45""},{""b"":1,""e"":3,""i"":""b46""},{""b"":1,""e"":4,""i"":""b47""},{""b"":5,""e"":2,""i"":""b48"",""o"":2},{""b"":3,""e"":6,""i"":""b49"",""o"":2},{""b"":4,""e"":7,""i"":""b50"",""o"":2},{""b"":4,""e"":8,""i"":""b51""},{""b"":6,""e"":5,""i"":""b52""},{""b"":5,""e"":9,""i"":""b53""},{""b"":9,""e"":10,""i"":""b54"",""o"":2},{""b"":9,""e"":11,""i"":""b55""}]},{""a"":[{""x"":796.5758058285555,""y"":250.99999999999997,""i"":""a58"",""l"":""S""},{""x"":813.8963139042443,""y"":240.99999999999997,""i"":""a59""},{""x"":831.216821979933,""y"":250.99999999999997,""i"":""a60"",""l"":""O""}],""b"":[{""b"":0,""e"":1,""i"":""b56""},{""b"":1,""e"":2,""i"":""b57""}]}],""s"":[{""i"":""s0"",""t"":""Pusher"",""o1"":""a14"",""o2"":""a6"",""e"":2},{""i"":""s1"",""t"":""Pusher"",""o1"":""b11"",""o2"":""a11"",""e"":2},{""i"":""s2"",""t"":""Pusher"",""o1"":""a28"",""o2"":""b27"",""e"":2},{""i"":""s3"",""t"":""Pusher"",""o1"":""b20"",""o2"":""a22"",""e"":2},{""i"":""s4"",""t"":""Line"",""x1"":161.07868662213332,""y1"":239.99999999999997,""x2"":185.265459867029,""y2"":239.99999999999997,""a"":""synthetic""},{""i"":""s5"",""t"":""Line"",""x1"":372.0786866221333,""y1"":234.99999999999997,""x2"":397.1585590301022,""y2"":234.99999999999997,""a"":""synthetic""},{""i"":""s6"",""t"":""Line"",""x1"":610.0786866221333,""y1"":229.99999999999997,""x2"":635.0786866221333,""y2"":229.99999999999997,""a"":""synthetic""},{""i"":""s7"",""t"":""Pusher"",""o1"":""a43"",""o2"":""a42"",""e"":2},{""i"":""s8"",""t"":""Pusher"",""o1"":""b41"",""o2"":""a41"",""e"":2}]}";no;3;thio ester hydrolysis;"4-[(hydroxymethyl)sulfinyl]benzoate; hydroxide";phthalic acid;base;
"{""m"":[{""a"":[{""x"":88.38048612585823,""y"":262.7860646301765,""i"":""a0""},{""x"":105.70099420154699,""y"":252.7860646301765,""i"":""a1""},{""x"":123.02150227723575,""y"":262.7860646301765,""i"":""a2"",""l"":""O""},{""x"":105.70099420154699,""y"":232.7860646301765,""i"":""a3"",""l"":""O""},{""x"":140.34201035292452,""y"":252.7860646301765,""i"":""a4""},{""x"":157.66251842861328,""y"":262.7860646301765,""i"":""a5""}],""b"":[{""b"":0,""e"":1,""i"":""b0""},{""b"":1,""e"":2,""i"":""b1""},{""b"":1,""e"":3,""i"":""b2"",""o"":2},{""b"":2,""e"":4,""i"":""b3""},{""b"":4,""e"":5,""i"":""b4""}]},{""a"":[{""x"":258.1173282311215,""y"":233.8386962091239,""i"":""a6""},{""x"":275.4378363068103,""y"":243.83869620912412,""i"":""a7""},{""x"":240.7968201554326,""y"":243.838696209124,""i"":""a8""},{""x"":275.4378363068103,""y"":263.83869620912407,""i"":""a9""},{""x"":240.79682015543273,""y"":263.8386962091239,""i"":""a10""},{""x"":223.47631207974382,""y"":233.83869620912407,""i"":""a11"",""l"":""O"",""c"":-1},{""x"":258.11732823112146,""y"":273.838696209124,""i"":""a12""}],""b"":[{""b"":0,""e"":1,""i"":""b5""},{""b"":2,""e"":0,""i"":""b6"",""o"":2},{""b"":1,""e"":3,""i"":""b7"",""o"":2},{""b"":4,""e"":2,""i"":""b8""},{""b"":2,""e"":5,""i"":""b9""},{""b"":3,""e"":6,""i"":""b10""},{""b"":6,""e"":4,""i"":""b11"",""o"":2}]},{""a"":[{""x"":370.055259448165,""y"":244.8176435775449,""i"":""a13""},{""x"":387.37576752385365,""y"":234.8176435775449,""i"":""a14""},{""x"":407.32785454691094,""y"":238.23869620912387,""i"":""a15"",""l"":""O""},{""x"":397.37576752385365,""y"":252.1381516532337,""i"":""a16"",""l"":""O""},{""x"":424.6483626225998,""y"":228.23869620912387,""i"":""a17""},{""x"":415.0073464712221,""y"":261.5639228868172,""i"":""a18""},{""x"":441.9688706982885,""y"":238.23869620912387,""i"":""a19""},{""x"":431.99208699215984,""y"":251.0036866472051,""i"":""a20""},{""x"":415.6604090642223,""y"":281.5532577744423,""i"":""a21""},{""x"":449.6298901060977,""y"":260.432785295218,""i"":""a22""},{""x"":433.2982121781603,""y"":290.98235642245515,""i"":""a23""},{""x"":450.28295269909813,""y"":280.42212018284306,""i"":""a24""},{""x"":387.37576752385365,""y"":214.8176435775449,""i"":""a25"",""l"":""O"",""c"":-1}],""b"":[{""b"":0,""e"":1,""i"":""b12""},{""b"":1,""e"":2,""i"":""b13""},{""b"":1,""e"":3,""i"":""b14""},{""b"":2,""e"":4,""i"":""b15""},{""b"":3,""e"":5,""i"":""b16""},{""b"":4,""e"":6,""i"":""b17""},{""b"":5,""e"":7,""i"":""b18""},{""b"":8,""e"":5,""i"":""b19"",""o"":2},{""b"":7,""e"":9,""i"":""b20"",""o"":2},{""b"":10,""e"":8,""i"":""b21""},{""b"":9,""e"":11,""i"":""b22""},{""b"":11,""e"":10,""i"":""b23"",""o"":2},{""b"":1,""e"":12,""i"":""b24""}]},{""a"":[{""x"":545.8207766439041,""y"":263.2386962091239,""i"":""a26""},{""x"":563.1412847195929,""y"":253.23869620912387,""i"":""a27""},{""x"":580.4617927952818,""y"":263.2386962091239,""i"":""a28"",""l"":""O""},{""x"":563.1412847195929,""y"":233.23869620912387,""i"":""a29"",""l"":""O""},{""x"":597.7823008709704,""y"":253.23869620912387,""i"":""a30""},{""x"":597.7823008709704,""y"":233.23869620912387,""i"":""a31""},{""x"":615.1028089466593,""y"":223.23869620912382,""i"":""a32""},{""x"":632.4233170223479,""y"":233.23869620912376,""i"":""a33""},{""x"":632.4233170223481,""y"":253.23869620912376,""i"":""a34""},{""x"":615.1028089466593,""y"":263.2386962091239,""i"":""a35""}],""b"":[{""b"":0,""e"":1,""i"":""b25""},{""b"":1,""e"":2,""i"":""b26""},{""b"":1,""e"":3,""i"":""b27"",""o"":2},{""b"":2,""e"":4,""i"":""b28""},{""b"":4,""e"":5,""i"":""b29""},{""b"":5,""e"":6,""i"":""b30"",""o"":2},{""b"":6,""e"":7,""i"":""b31""},{""b"":7,""e"":8,""i"":""b32"",""o"":2},{""b"":8,""e"":9,""i"":""b33""},{""b"":9,""e"":4,""i"":""b34"",""o"":2}]},{""a"":[{""x"":676.9784977227641,""y"":245.47553831438705,""i"":""a36"",""l"":""O"",""c"":-1},{""x"":694.299005798453,""y"":235.47553831438705,""i"":""a37""},{""x"":711.6195138741418,""y"":245.47553831438705,""i"":""a38""}],""b"":[{""b"":0,""e"":1,""i"":""b35""},{""b"":1,""e"":2,""i"":""b36""}]}],""s"":[{""i"":""s0"",""t"":""Pusher"",""o1"":""a11"",""o2"":""a1"",""e"":2},{""i"":""s1"",""t"":""Pusher"",""o1"":""b2"",""o2"":""a3"",""e"":2},{""i"":""s2"",""t"":""Pusher"",""o1"":""a25"",""o2"":""b24"",""e"":2},{""i"":""s3"",""t"":""Pusher"",""o1"":""b13"",""o2"":""a15"",""e"":2},{""i"":""s4"",""t"":""Line"",""x1"":294.9594334942794,""y1"":252.2597488407028,""x2"":327.85417033638464,""y2"":252.2597488407028,""a"":""synthetic""},{""i"":""s5"",""t"":""Line"",""x1"":475.22259138901626,""y1"":248.3123804196502,""x2"":508.11732823112146,""y2"":248.3123804196502,""a"":""synthetic""}]}";no;2;trans estrification;"ethyl acetate; phenolate";benzoic acid methyl ester;base;
"{""m"":[{""a"":[{""x"":40.47489651904749,""y"":253.70268514419223,""i"":""a0""},{""x"":57.79540459473627,""y"":243.70268514419223,""i"":""a1""},{""x"":75.11591267042503,""y"":253.70268514419223,""i"":""a2"",""l"":""O""},{""x"":57.79540459473627,""y"":223.70268514419223,""i"":""a3"",""l"":""O""},{""x"":92.43642074611381,""y"":243.70268514419223,""i"":""a4""},{""x"":38.38432725369441,""y"":273.5931230515577,""i"":""a5""},{""x"":18.821375239018295,""y"":277.7513568679129,""i"":""a6""},{""x"":8.821375239018316,""y"":260.4308487922241,""i"":""a7""},{""x"":22.203987366195527,""y"":245.56795228267623,""i"":""a8""}],""b"":[{""b"":0,""e"":1,""i"":""b0""},{""b"":1,""e"":2,""i"":""b1""},{""b"":1,""e"":3,""i"":""b2"",""o"":2},{""b"":2,""e"":4,""i"":""b3""},{""b"":0,""e"":5,""i"":""b4""},{""b"":5,""e"":6,""i"":""b5""},{""b"":6,""e"":7,""i"":""b6""},{""b"":7,""e"":8,""i"":""b7""},{""b"":8,""e"":0,""i"":""b8""}]},{""a"":[{""x"":136.3422262581227,""y"":245.20811162300834,""i"":""a9"",""l"":""H"",""c"":-1}]},{""a"":[{""x"":235.35304595629526,""y"":254.46215363511334,""i"":""a10""},{""x"":252.67355403198405,""y"":244.46215363511334,""i"":""a11""},{""x"":269.9940621076728,""y"":254.46215363511334,""i"":""a12"",""l"":""O""},{""x"":287.3145701833616,""y"":244.46215363511334,""i"":""a13""},{""x"":252.67355403198405,""y"":224.46215363511334,""i"":""a14"",""l"":""O"",""c"":-1},{""x"":233.26247669094215,""y"":274.3525915424788,""i"":""a15""},{""x"":213.69952467626604,""y"":278.510825358834,""i"":""a16""},{""x"":203.69952467626607,""y"":261.1903172831452,""i"":""a17""},{""x"":217.0821368034433,""y"":246.32742077359734,""i"":""a18""}],""b"":[{""b"":0,""e"":1,""i"":""b9""},{""b"":1,""e"":2,""i"":""b10""},{""b"":2,""e"":3,""i"":""b11""},{""b"":1,""e"":4,""i"":""b12""},{""b"":0,""e"":5,""i"":""b13""},{""b"":5,""e"":6,""i"":""b14""},{""b"":6,""e"":7,""i"":""b15""},{""b"":7,""e"":8,""i"":""b16""},{""b"":8,""e"":0,""i"":""b17""}]},{""a"":[{""x"":393.4013273255001,""y"":256.07566413813964,""i"":""a19""},{""x"":410.7218354011889,""y"":246.07566413813967,""i"":""a20""},{""x"":410.7218354011889,""y"":226.07566413813967,""i"":""a21"",""l"":""O""},{""x"":391.310758060147,""y"":275.96610204550507,""i"":""a22""},{""x"":371.7478060454709,""y"":280.12433586186023,""i"":""a23""},{""x"":361.74780604547095,""y"":262.80382778617144,""i"":""a24""},{""x"":375.13041817264815,""y"":247.9409312766236,""i"":""a25""}],""b"":[{""b"":0,""e"":1,""i"":""b18""},{""b"":1,""e"":2,""i"":""b19"",""o"":2},{""b"":0,""e"":3,""i"":""b20""},{""b"":3,""e"":4,""i"":""b21""},{""b"":4,""e"":5,""i"":""b22""},{""b"":5,""e"":6,""i"":""b23""},{""b"":6,""e"":0,""i"":""b24""}]},{""a"":[{""x"":483.9900620752153,""y"":243.9946011199821,""i"":""a26"",""l"":""O"",""c"":-1},{""x"":501.3105701509039,""y"":233.9946011199821,""i"":""a27""}],""b"":[{""b"":0,""e"":1,""i"":""b25""}]},{""a"":[{""x"":445.6694274491637,""y"":240.46215363511342,""i"":""a28"",""l"":""H"",""c"":-1}]},{""a"":[{""x"":607.0389535399034,""y"":254.86215363511343,""i"":""a29""},{""x"":624.3594616155922,""y"":244.86215363511343,""i"":""a30""},{""x"":624.3594616155922,""y"":224.86215363511337,""i"":""a31"",""l"":""O"",""c"":-1},{""x"":604.9483842745504,""y"":274.7525915424789,""i"":""a32""},{""x"":585.3854322598744,""y"":278.91082535883413,""i"":""a33""},{""x"":575.3854322598744,""y"":261.59031728314534,""i"":""a34""},{""x"":588.7680443870515,""y"":246.72742077359746,""i"":""a35""}],""b"":[{""b"":0,""e"":1,""i"":""b26""},{""b"":1,""e"":2,""i"":""b27""},{""b"":0,""e"":3,""i"":""b28""},{""b"":3,""e"":4,""i"":""b29""},{""b"":4,""e"":5,""i"":""b30""},{""b"":5,""e"":6,""i"":""b31""},{""b"":6,""e"":0,""i"":""b32""}]},{""a"":[{""x"":665.9148296928779,""y"":246.6311840351599,""i"":""a36"",""l"":""H"",""c"":1}]},{""a"":[{""x"":760.525108872793,""y"":257.28917464116597,""i"":""a37""},{""x"":777.8456169484817,""y"":247.28917464116597,""i"":""a38""},{""x"":777.8456169484817,""y"":227.2891746411659,""i"":""a39"",""l"":""O""},{""x"":758.43453960744,""y"":277.17961254853145,""i"":""a40""},{""x"":738.871587592764,""y"":281.3378463648867,""i"":""a41""},{""x"":728.871587592764,""y"":264.0173382891979,""i"":""a42""},{""x"":742.2541997199411,""y"":249.15444177965,""i"":""a43""}],""b"":[{""b"":0,""e"":1,""i"":""b33""},{""b"":1,""e"":2,""i"":""b34""},{""b"":0,""e"":3,""i"":""b35""},{""b"":3,""e"":4,""i"":""b36""},{""b"":4,""e"":5,""i"":""b37""},{""b"":5,""e"":6,""i"":""b38""},{""b"":6,""e"":0,""i"":""b39""}]}],""s"":[{""i"":""s0"",""t"":""Pusher"",""o1"":""a9"",""o2"":""a1"",""e"":2},{""i"":""s1"",""t"":""Pusher"",""o1"":""b2"",""o2"":""a3"",""e"":2},{""i"":""s2"",""t"":""Pusher"",""o1"":""a14"",""o2"":""b12"",""e"":2},{""i"":""s3"",""t"":""Pusher"",""o1"":""b10"",""o2"":""a12"",""e"":2},{""i"":""s4"",""t"":""Pusher"",""o1"":""a28"",""o2"":""a20"",""e"":2},{""i"":""s5"",""t"":""Pusher"",""o1"":""b19"",""o2"":""a21"",""e"":2},{""i"":""s6"",""t"":""Pusher"",""o1"":""a31"",""o2"":""a36"",""e"":2},{""i"":""s7"",""t"":""Line"",""x1"":164.2529678277269,""y1"":239.14055910787698,""x2"":190.97776444740595,""y2"":239.14055910787698,""a"":""synthetic""},{""i"":""s8"",""t"":""Line"",""x1"":318.6607176878529,""y1"":239.14055910787698,""x2"":344.14443825140455,""y2"":239.14055910787698,""a"":""synthetic""},{""i"":""s9"",""t"":""Line"",""x1"":532.5304821962661,""y1"":240.35406961090325,""x2"":555.5871817537652,""y2"":240.35406961090325,""a"":""synthetic""},{""i"":""s10"",""t"":""Line"",""x1"":684.8031270261295,""y1"":239.14055910787698,""x2"":709.1036559117933,""y2"":239.14055910787698,""a"":""synthetic""}]}";no;4;ester reduction;"methyl cyclopentanecarboxylate;lithium aluminium hydride";cyclopentyl methanol;base,acid;
"{""m"":[{""a"":[{""x"":152.3015153595738,""y"":223.7630933270097,""i"":""a0""},{""x"":169.6220234352626,""y"":213.7630933270097,""i"":""a1""},{""x"":186.94253151095134,""y"":223.7630933270097,""i"":""a2""},{""x"":169.6220234352626,""y"":193.7630933270097,""i"":""a3"",""l"":""O""},{""x"":204.26303958664013,""y"":213.7630933270097,""i"":""a4"",""l"":""H""}],""b"":[{""b"":0,""e"":1,""i"":""b0""},{""b"":1,""e"":2,""i"":""b1""},{""b"":1,""e"":3,""i"":""b2"",""o"":2},{""b"":2,""e"":4,""i"":""b3""}]},{""a"":[{""x"":236.61936510154067,""y"":216.17916683935294,""i"":""a5"",""l"":""O"",""c"":-1}]},{""a"":[{""x"":148.57082426584856,""y"":347.19049097921095,""i"":""a6""},{""x"":165.89133234153735,""y"":337.19049097921095,""i"":""a7""},{""x"":183.21184041722609,""y"":347.19049097921095,""i"":""a8""},{""x"":165.89133234153735,""y"":317.19049097921095,""i"":""a9"",""l"":""O""},{""x"":200.53234849291488,""y"":337.19049097921095,""i"":""a10"",""l"":""H""}],""b"":[{""b"":0,""e"":1,""i"":""b4""},{""b"":1,""e"":2,""i"":""b5""},{""b"":1,""e"":3,""i"":""b6"",""o"":2},{""b"":2,""e"":4,""i"":""b7""}]},{""a"":[{""x"":232.8886740078154,""y"":339.6065644915542,""i"":""a11"",""l"":""O"",""c"":-1}]},{""a"":[{""x"":346.7538730862117,""y"":219.64797024044495,""i"":""a12""},{""x"":364.0743811619005,""y"":209.64797024044495,""i"":""a13""},{""x"":381.3948892375892,""y"":219.64797024044498,""i"":""a14"",""c"":-1},{""x"":364.0743811619005,""y"":189.64797024044495,""i"":""a15"",""l"":""O""}],""b"":[{""b"":0,""e"":1,""i"":""b8""},{""b"":1,""e"":2,""i"":""b9""},{""b"":1,""e"":3,""i"":""b10"",""o"":2}]},{""a"":[{""x"":346.31659136898594,""y"":341.1200850273001,""i"":""a16""},{""x"":363.63709944467473,""y"":331.1200850273001,""i"":""a17""},{""x"":380.95760752036347,""y"":341.1200850273001,""i"":""a18""},{""x"":363.63709944467473,""y"":311.1200850273001,""i"":""a19"",""l"":""O"",""c"":-1}],""b"":[{""b"":0,""e"":1,""i"":""b11""},{""b"":1,""e"":2,""i"":""b12"",""o"":2},{""b"":1,""e"":3,""i"":""b13""}]},{""a"":[{""x"":422.2003470599627,""y"":210.97596173771493,""i"":""a20"",""l"":""H"",""c"":1}]},{""a"":[{""x"":425.6691504610547,""y"":328.915277374843,""i"":""a21"",""l"":""H"",""c"":1}]},{""a"":[{""x"":534.499175878227,""y"":217.51036343826092,""i"":""a22""},{""x"":551.8196839539157,""y"":207.51036343826092,""i"":""a23""},{""x"":569.1401920296046,""y"":217.51036343826092,""i"":""a24""},{""x"":551.8196839539157,""y"":187.51036343826092,""i"":""a25"",""l"":""O""}],""b"":[{""b"":0,""e"":1,""i"":""b14""},{""b"":1,""e"":2,""i"":""b15"",""o"":2},{""b"":1,""e"":3,""i"":""b16""}]}],""s"":[{""i"":""s0"",""t"":""Pusher"",""o1"":""a5"",""o2"":""a4"",""e"":2},{""i"":""s1"",""t"":""Pusher"",""o1"":""a4"",""o2"":""b3"",""e"":2},{""i"":""s2"",""t"":""Pusher"",""o1"":""a11"",""o2"":""a10"",""e"":2},{""i"":""s3"",""t"":""Pusher"",""o1"":""b7"",""o2"":""b5"",""e"":2},{""i"":""s4"",""t"":""Pusher"",""o1"":""b6"",""o2"":""a9"",""e"":2},{""i"":""s5"",""t"":""Line"",""x1"":270.44019826218766,""y1"":212.71036343826094,""x2"":313.80024077583766,""y2"":212.71036343826094,""a"":""synthetic""},{""i"":""s6"",""t"":""Line"",""x1"":279.97940761519067,""y1"":331.516879925662,""x2"":317.3093573093094,""y2"":331.516879925662,""a"":""synthetic""},{""i"":""s7"",""t"":""Line"",""x1"":358.8946849900337,""y1"":282.086431460101,""x2"":358.8946849900337,""y2"":238.72638894645092,""a"":""resonance""},{""i"":""s8"",""t"":""Line"",""x1"":449.0835734184257,""y1"":209.24156003716894,""x2"":488.1172460564315,""y2"":209.24156003716894,""a"":""synthetic""},{""i"":""s9"",""t"":""Pusher"",""o1"":""a14"",""o2"":""b9"",""e"":2},{""i"":""s10"",""t"":""Pusher"",""o1"":""b10"",""o2"":""a20"",""e"":2},{""i"":""s11"",""t"":""Pusher"",""o1"":""a19"",""o2"":""a21"",""e"":2}]}";yes;2;keto enol tautomerization;acetone;1-propen-2-ol;base;
"{""m"":[{""a"":[{""x"":140.02947980121925,""y"":258.37060032147406,""i"":""a0""},{""x"":157.34998787690802,""y"":248.37060032147403,""i"":""a1""},{""x"":122.70897172553046,""y"":248.37060032147403,""i"":""a2"",""l"":""O"",""c"":-1},{""x"":140.02947980121925,""y"":278.37060032147406,""i"":""a3"",""l"":""O""},{""x"":174.67049595259675,""y"":258.37060032147406,""i"":""a4""},{""x"":157.34998787690802,""y"":228.37060032147403,""i"":""a5"",""l"":""O"",""c"":-1}],""b"":[{""b"":0,""e"":1,""i"":""b0""},{""b"":0,""e"":2,""i"":""b1""},{""b"":0,""e"":3,""i"":""b2"",""o"":2},{""b"":1,""e"":4,""i"":""b3"",""o"":2},{""b"":1,""e"":5,""i"":""b4""}]},{""a"":[{""x"":230.5418294512515,""y"":244.698591818744,""i"":""a6""},{""x"":247.86233752694017,""y"":254.69859181874406,""i"":""a7""},{""x"":230.5418294512515,""y"":224.698591818744,""i"":""a8"",""l"":""O""},{""x"":265.18284560262896,""y"":244.69859181874406,""i"":""a9"",""l"":""O"",""c"":-1},{""x"":247.86233752694017,""y"":274.69859181874403,""i"":""a10"",""l"":""O""}],""b"":[{""b"":0,""e"":1,""i"":""b5""},{""b"":0,""e"":2,""i"":""b6"",""o"":2},{""b"":1,""e"":3,""i"":""b7""},{""b"":1,""e"":4,""i"":""b8"",""o"":2}]},{""a"":[{""x"":370.70490597383684,""y"":253.16739521983604,""i"":""a11""},{""x"":388.0254140495256,""y"":243.16739521983604,""i"":""a12""},{""x"":353.3843978981481,""y"":243.16739521983604,""i"":""a13"",""l"":""O"",""c"":-1},{""x"":370.70490597383684,""y"":273.16739521983607,""i"":""a14"",""l"":""O""},{""x"":388.0254140495256,""y"":223.16739521983604,""i"":""a15"",""l"":""O""},{""x"":405.34592212521443,""y"":253.16739521983604,""i"":""a16""},{""x"":422.6664302009031,""y"":243.16739521983604,""i"":""a17""},{""x"":439.98693827659196,""y"":253.16739521983604,""i"":""a18""},{""x"":422.6664302009031,""y"":223.16739521983604,""i"":""a19"",""l"":""O"",""c"":-1},{""x"":457.3074463522806,""y"":243.16739521983604,""i"":""a20"",""l"":""O"",""c"":-1},{""x"":439.98693827659196,""y"":273.16739521983607,""i"":""a21"",""l"":""O""}],""b"":[{""b"":0,""e"":1,""i"":""b9""},{""b"":0,""e"":2,""i"":""b10""},{""b"":0,""e"":3,""i"":""b11"",""o"":2},{""b"":1,""e"":4,""i"":""b12"",""o"":2},{""b"":1,""e"":5,""i"":""b13""},{""b"":5,""e"":6,""i"":""b14""},{""b"":6,""e"":7,""i"":""b15""},{""b"":6,""e"":8,""i"":""b16""},{""b"":7,""e"":9,""i"":""b17""},{""b"":7,""e"":10,""i"":""b18"",""o"":2}]},{""a"":[{""x"":585.0146597710259,""y"":251.62939967852589,""i"":""a22""},{""x"":602.3351678467145,""y"":241.6293996785259,""i"":""a23""},{""x"":567.694151695337,""y"":241.6293996785259,""i"":""a24"",""l"":""O"",""c"":-1},{""x"":585.0146597710259,""y"":271.62939967852606,""i"":""a25"",""l"":""O""},{""x"":602.3351678467145,""y"":221.6293996785259,""i"":""a26"",""l"":""O""},{""x"":619.6556759224034,""y"":251.62939967852589,""i"":""a27""},{""x"":636.976183998092,""y"":241.6293996785259,""i"":""a28""},{""x"":654.2966920737808,""y"":251.62939967852589,""i"":""a29""},{""x"":636.976183998092,""y"":221.6293996785259,""i"":""a30"",""l"":""O""},{""x"":671.6172001494695,""y"":241.6293996785259,""i"":""a31"",""l"":""O"",""c"":-1},{""x"":654.2966920737808,""y"":271.62939967852606,""i"":""a32"",""l"":""O""}],""b"":[{""b"":0,""e"":1,""i"":""b19""},{""b"":0,""e"":2,""i"":""b20""},{""b"":0,""e"":3,""i"":""b21"",""o"":2},{""b"":1,""e"":4,""i"":""b22"",""o"":2},{""b"":1,""e"":5,""i"":""b23""},{""b"":5,""e"":6,""i"":""b24""},{""b"":6,""e"":7,""i"":""b25""},{""b"":6,""e"":8,""i"":""b26""},{""b"":7,""e"":9,""i"":""b27""},{""b"":7,""e"":10,""i"":""b28"",""o"":2}]},{""a"":[{""x"":486.2310114541304,""y"":233.41464990091194,""i"":""a33"",""l"":""H"",""c"":1}]}],""s"":[{""i"":""s0"",""t"":""Pusher"",""o1"":""a5"",""o2"":""b4"",""e"":2},{""i"":""s1"",""t"":""Pusher"",""o1"":""b3"",""o2"":""a6"",""e"":2},{""i"":""s2"",""t"":""Pusher"",""o1"":""b6"",""o2"":""a8"",""e"":2},{""i"":""s3"",""t"":""Line"",""x1"":286.0661927984945,""y1"":255.56579266901704,""x2"":326.9719750943892,""y2"":255.56579266901704,""a"":""synthetic""},{""i"":""s4"",""t"":""Line"",""x1"":513.0224074082696,""y1"":260.2060458550517,""x2"":544.1004267150718,""y2"":260.2060458550517,""a"":""synthetic""},{""i"":""s5"",""t"":""Pusher"",""o1"":""a19"",""o2"":""a33"",""e"":2}]}";no;2;aldol reaction;pyruvate,glyoxylate;4-hydroxy-2-ketoglutarate;base;
"{""m"":[{""a"":[{""x"":-218.89999389648455,""y"":162.4642857142857,""i"":""a0""},{""x"":-201.57948582079575,""y"":152.4642857142857,""i"":""a1""},{""x"":-184.258977745107,""y"":162.4642857142857,""i"":""a2"",""l"":""O""},{""x"":-166.93846966941823,""y"":152.4642857142857,""i"":""a3""},{""x"":-149.61796159372943,""y"":162.4642857142857,""i"":""a4""},{""x"":-166.93846966941825,""y"":132.4642857142857,""i"":""a5"",""l"":""O""},{""x"":-132.29745351804067,""y"":152.4642857142857,""i"":""a6"",""l"":""H""}],""b"":[{""b"":0,""e"":1,""i"":""b0""},{""b"":1,""e"":2,""i"":""b1""},{""b"":2,""e"":3,""i"":""b2""},{""b"":3,""e"":4,""i"":""b3""},{""b"":3,""e"":5,""i"":""b4"",""o"":2},{""b"":4,""e"":6,""i"":""b5""}]},{""a"":[{""x"":-89.89999389648455,""y"":151.4642857142857,""i"":""a7"",""l"":""O"",""c"":-1},{""x"":-72.57948582079578,""y"":141.4642857142857,""i"":""a8""},{""x"":-55.25897774510702,""y"":151.4642857142857,""i"":""a9""}],""b"":[{""b"":0,""e"":1,""i"":""b6""},{""b"":1,""e"":2,""i"":""b7""}]},{""a"":[{""x"":-216.72050197217328,""y"":282.8642857142859,""i"":""a10""},{""x"":-199.39999389648455,""y"":272.8642857142859,""i"":""a11""},{""x"":-182.07948582079575,""y"":282.8642857142859,""i"":""a12"",""l"":""O""},{""x"":-164.75897774510696,""y"":272.8642857142859,""i"":""a13""},{""x"":-147.43846966941823,""y"":282.8642857142859,""i"":""a14""},{""x"":-164.75897774510702,""y"":252.86428571428584,""i"":""a15"",""l"":""O""},{""x"":-130.11796159372943,""y"":272.8642857142859,""i"":""a16"",""l"":""H""}],""b"":[{""b"":0,""e"":1,""i"":""b8""},{""b"":1,""e"":2,""i"":""b9""},{""b"":2,""e"":3,""i"":""b10""},{""b"":3,""e"":4,""i"":""b11""},{""b"":3,""e"":5,""i"":""b12"",""o"":2},{""b"":4,""e"":6,""i"":""b13""}]},{""a"":[{""x"":-87.72050197217328,""y"":271.8642857142859,""i"":""a17"",""l"":""O"",""c"":-1},{""x"":-70.39999389648455,""y"":261.86428571428587,""i"":""a18""},{""x"":-53.07948582079581,""y"":271.8642857142859,""i"":""a19""}],""b"":[{""b"":0,""e"":1,""i"":""b14""},{""b"":1,""e"":2,""i"":""b15""}]},{""a"":[{""x"":144.01118063709959,""y"":150.2357142857143,""i"":""a20"",""l"":""O""},{""x"":161.33168871278832,""y"":140.2357142857143,""i"":""a21""},{""x"":178.65219678847706,""y"":150.2357142857143,""i"":""a22""}],""b"":[{""b"":0,""e"":1,""i"":""b16""},{""b"":1,""e"":2,""i"":""b17""}]},{""a"":[{""x"":32.36924398998232,""y"":278.06428571428586,""i"":""a23""},{""x"":49.68975206567106,""y"":268.06428571428586,""i"":""a24""},{""x"":67.01026014135977,""y"":278.06428571428586,""i"":""a25"",""l"":""O""},{""x"":84.33076821704861,""y"":268.06428571428586,""i"":""a26""},{""x"":101.65127629273735,""y"":278.06428571428586,""i"":""a27"",""c"":-1},{""x"":84.3307682170485,""y"":248.06428571428575,""i"":""a28"",""l"":""O""}],""b"":[{""b"":0,""e"":1,""i"":""b18""},{""b"":1,""e"":2,""i"":""b19""},{""b"":2,""e"":3,""i"":""b20""},{""b"":3,""e"":4,""i"":""b21""},{""b"":3,""e"":5,""i"":""b22"",""o"":2}]},{""a"":[{""x"":146.19067256141085,""y"":270.6357142857145,""i"":""a29"",""l"":""O""},{""x"":163.51118063709959,""y"":260.63571428571447,""i"":""a30""},{""x"":180.83168871278832,""y"":270.6357142857145,""i"":""a31""}],""b"":[{""b"":0,""e"":1,""i"":""b23""},{""b"":1,""e"":2,""i"":""b24""}]},{""a"":[{""x"":30.18975206567106,""y"":157.6642857142857,""i"":""a32""},{""x"":47.510260141359794,""y"":147.6642857142857,""i"":""a33""},{""x"":64.8307682170485,""y"":157.6642857142857,""i"":""a34"",""l"":""O""},{""x"":82.15127629273735,""y"":147.6642857142857,""i"":""a35""},{""x"":99.47178436842609,""y"":157.6642857142857,""i"":""a36""},{""x"":82.15127629273724,""y"":127.66428571428571,""i"":""a37"",""l"":""O"",""c"":-1}],""b"":[{""b"":0,""e"":1,""i"":""b25""},{""b"":1,""e"":2,""i"":""b26""},{""b"":2,""e"":3,""i"":""b27""},{""b"":3,""e"":4,""i"":""b28"",""o"":2},{""b"":3,""e"":5,""i"":""b29""}]},{""a"":[{""x"":234.46613215533256,""y"":276.5428571428574,""i"":""a38""},{""x"":251.7866402310214,""y"":266.5428571428574,""i"":""a39""},{""x"":269.10714830671003,""y"":276.5428571428574,""i"":""a40"",""l"":""O""},{""x"":286.4276563823989,""y"":266.5428571428574,""i"":""a41""},{""x"":303.7481644580875,""y"":276.5428571428574,""i"":""a42""},{""x"":286.4276563823989,""y"":246.54285714285726,""i"":""a43"",""l"":""O""}],""b"":[{""b"":0,""e"":1,""i"":""b30""},{""b"":1,""e"":2,""i"":""b31""},{""b"":2,""e"":3,""i"":""b32""},{""b"":3,""e"":4,""i"":""b33""},{""b"":3,""e"":5,""i"":""b34"",""o"":2}]},{""a"":[{""x"":234.46613215533256,""y"":276.5428571428574,""i"":""a44""},{""x"":251.7866402310214,""y"":266.5428571428574,""i"":""a45""},{""x"":269.10714830671003,""y"":276.5428571428574,""i"":""a46"",""l"":""O""},{""x"":286.4276563823989,""y"":266.5428571428574,""i"":""a47""},{""x"":303.74816445808773,""y"":276.5428571428574,""i"":""a48""},{""x"":286.4276563823989,""y"":246.54285714285726,""i"":""a49"",""l"":""O""}],""b"":[{""b"":0,""e"":1,""i"":""b35""},{""b"":1,""e"":2,""i"":""b36""},{""b"":2,""e"":3,""i"":""b37""},{""b"":3,""e"":4,""i"":""b38""},{""b"":3,""e"":5,""i"":""b39"",""o"":2}]},{""a"":[{""x"":237.1447035839039,""y"":156.18571428571425,""i"":""a50""},{""x"":254.46521165959274,""y"":146.18571428571425,""i"":""a51""},{""x"":271.7857197352816,""y"":156.18571428571425,""i"":""a52"",""l"":""O""},{""x"":289.1062278109702,""y"":146.18571428571425,""i"":""a53""},{""x"":306.42673588665906,""y"":156.18571428571425,""i"":""a54""},{""x"":289.1062278109702,""y"":126.18571428571425,""i"":""a55"",""l"":""O""}],""b"":[{""b"":0,""e"":1,""i"":""b40""},{""b"":1,""e"":2,""i"":""b41""},{""b"":2,""e"":3,""i"":""b42""},{""b"":3,""e"":4,""i"":""b43""},{""b"":3,""e"":5,""i"":""b44"",""o"":2}]},{""a"":[{""x"":395.00184644104684,""y"":146.18571428571437,""i"":""a56""},{""x"":412.3223545167357,""y"":136.18571428571443,""i"":""a57""},{""x"":429.6428625924246,""y"":146.18571428571437,""i"":""a58"",""l"":""O""},{""x"":446.9633706681132,""y"":136.18571428571443,""i"":""a59""},{""x"":464.28387874380206,""y"":146.18571428571437,""i"":""a60""},{""x"":446.9633706681132,""y"":116.18571428571437,""i"":""a61"",""l"":""O""},{""x"":481.60438681949074,""y"":136.1857142857143,""i"":""a62""},{""x"":498.9248948951796,""y"":146.18571428571425,""i"":""a63"",""l"":""O""},{""x"":490.8901011052052,""y"":158.50714285714287,""i"":""a64""},{""x"":481.60438681949074,""y"":116.18571428571431,""i"":""a65"",""l"":""O"",""c"":-1},{""x"":516.2454029708683,""y"":136.1857142857142,""i"":""a66""},{""x"":533.5659110465572,""y"":146.18571428571414,""i"":""a67""}],""b"":[{""b"":0,""e"":1,""i"":""b45""},{""b"":1,""e"":2,""i"":""b46""},{""b"":2,""e"":3,""i"":""b47""},{""b"":3,""e"":4,""i"":""b48""},{""b"":3,""e"":5,""i"":""b49"",""o"":2},{""b"":4,""e"":6,""i"":""b50""},{""b"":6,""e"":7,""i"":""b51""},{""b"":6,""e"":8,""i"":""b52""},{""b"":6,""e"":9,""i"":""b53""},{""b"":7,""e"":10,""i"":""b54""},{""b"":10,""e"":11,""i"":""b55""}]},{""a"":[{""x"":602.3251160039554,""y"":149.35357142857146,""i"":""a68""},{""x"":619.645624079644,""y"":139.3535714285715,""i"":""a69""},{""x"":636.9661321553328,""y"":149.35357142857146,""i"":""a70"",""l"":""O""},{""x"":654.2866402310215,""y"":139.3535714285715,""i"":""a71""},{""x"":671.6071483067103,""y"":149.35357142857146,""i"":""a72""},{""x"":654.2866402310215,""y"":119.35357142857146,""i"":""a73"",""l"":""O""},{""x"":688.9276563823992,""y"":139.3535714285714,""i"":""a74""},{""x"":688.9276563823992,""y"":119.3535714285714,""i"":""a75"",""l"":""O""},{""x"":706.248164458088,""y"":149.3535714285714,""i"":""a76""}],""b"":[{""b"":0,""e"":1,""i"":""b56""},{""b"":1,""e"":2,""i"":""b57""},{""b"":2,""e"":3,""i"":""b58""},{""b"":3,""e"":4,""i"":""b59""},{""b"":3,""e"":5,""i"":""b60"",""o"":2},{""b"":4,""e"":6,""i"":""b61""},{""b"":6,""e"":7,""i"":""b62"",""o"":2},{""b"":6,""e"":8,""i"":""b63""}]},{""a"":[{""x"":741.0695930295169,""y"":144.88928571428562,""i"":""a77"",""l"":""O"",""c"":-1},{""x"":758.390101105206,""y"":134.88928571428556,""i"":""a78""},{""x"":775.7106091808944,""y"":144.8892857142855,""i"":""a79""}],""b"":[{""b"":0,""e"":1,""i"":""b64""},{""b"":1,""e"":2,""i"":""b65""}]}],""s"":[{""i"":""s0"",""t"":""Pusher"",""o1"":""a7"",""o2"":""a6"",""e"":2},{""i"":""s1"",""t"":""Pusher"",""o1"":""b5"",""o2"":""b3"",""e"":2},{""i"":""s2"",""t"":""Pusher"",""o1"":""b4"",""o2"":""a5"",""e"":2},{""i"":""s3"",""t"":""Pusher"",""o1"":""a17"",""o2"":""a16"",""e"":2},{""i"":""s4"",""t"":""Pusher"",""o1"":""b13"",""o2"":""a14"",""e"":2},{""i"":""s5"",""t"":""Line"",""x1"":-26.24999455043269,""y1"":150,""x2"":-0.3417478923132933,""y2"":150,""a"":""synthetic""},{""i"":""s6"",""t"":""Line"",""x1"":-28.928565979004134,""y1"":268.75000000000017,""x2"":-1.2355973731634151,""y2"":268.75000000000017,""a"":""synthetic""},{""i"":""s7"",""t"":""Line"",""x1"":71.07143402099581,""y1"":224.10714285714286,""x2"":71.07143402099581,""y2"":183.88890846587424,""a"":""resonance""},{""i"":""s8"",""t"":""Pusher"",""o1"":""a37"",""o2"":""b29"",""e"":2},{""i"":""s9"",""t"":""Pusher"",""o1"":""b28"",""o2"":""a53"",""e"":2},{""i"":""s10"",""t"":""Pusher"",""o1"":""b44"",""o2"":""a55"",""e"":2},{""i"":""s11"",""t"":""Pusher"",""o1"":""a27"",""o2"":""a47"",""e"":2},{""i"":""s12"",""t"":""Pusher"",""o1"":""b34"",""o2"":""a43"",""e"":2},{""i"":""s13"",""t"":""Line"",""x1"":331.7857197352816,""y1"":140.17857142857144,""x2"":362.1559900061654,""y2"":140.17857142857144,""a"":""synthetic""},{""i"":""s14"",""t"":""Line"",""x1"":553.928576878139,""y1"":134.6428571428571,""x2"":578.9922712488858,""y2"":134.6428571428571,""a"":""synthetic""},{""i"":""s15"",""t"":""Pusher"",""o1"":""a65"",""o2"":""b53"",""e"":2},{""i"":""s16"",""t"":""Pusher"",""o1"":""b51"",""o2"":""a63"",""e"":2}]}";no;2;Claisen condensation;"ethyl acetate;ethoxide";beta-keto ester;base;
"{""m"":[{""a"":[{""x"":371.015125241644,""y"":343.56368064729696,""i"":""a0""},{""x"":388.33563331733257,""y"":333.56368064729685,""i"":""a1""},{""x"":405.65614139302136,""y"":343.56368064729696,""i"":""a2""},{""x"":388.33563331733257,""y"":313.56368064729685,""i"":""a3"",""l"":""O""},{""x"":353.69461716595526,""y"":333.56368064729696,""i"":""a4""},{""x"":336.37410909026653,""y"":343.5636806472971,""i"":""a5""}],""b"":[{""b"":0,""e"":1,""i"":""b0""},{""b"":1,""e"":2,""i"":""b1""},{""b"":1,""e"":3,""i"":""b2"",""o"":2},{""b"":0,""e"":4,""i"":""b3""},{""b"":4,""e"":5,""i"":""b4""}]},{""a"":[{""x"":243.24567035218695,""y"":338.30685023122163,""i"":""a6"",""c"":-1},{""x"":225.92516227649816,""y"":328.30685023122163,""i"":""a7""},{""x"":208.60465420080936,""y"":338.30685023122163,""i"":""a8""},{""x"":225.92516227649816,""y"":308.30685023122163,""i"":""a9"",""l"":""O""},{""x"":191.28414612512063,""y"":328.30685023122163,""i"":""a10""},{""x"":173.96363804943184,""y"":338.30685023122163,""i"":""a11""}],""b"":[{""b"":0,""e"":1,""i"":""b5""},{""b"":2,""e"":1,""i"":""b6""},{""b"":1,""e"":3,""i"":""b7"",""o"":2},{""b"":2,""e"":4,""i"":""b8""},{""b"":4,""e"":5,""i"":""b9""}]},{""a"":[{""x"":-60.596719738622255,""y"":204.55987574223064,""i"":""a12""},{""x"":-43.27621166293349,""y"":194.55987574223064,""i"":""a13""},{""x"":-25.955703587244727,""y"":204.55987574223064,""i"":""a14""},{""x"":-43.27621166293349,""y"":174.55987574223073,""i"":""a15"",""l"":""O""},{""x"":-8.635195511555963,""y"":194.55987574223064,""i"":""a16"",""l"":""H""},{""x"":-77.91722781431103,""y"":194.55987574223064,""i"":""a17""},{""x"":-95.23773588999981,""y"":204.55987574223064,""i"":""a18""}],""b"":[{""b"":0,""e"":1,""i"":""b10""},{""b"":1,""e"":2,""i"":""b11""},{""b"":1,""e"":3,""i"":""b12"",""o"":2},{""b"":2,""e"":4,""i"":""b13""},{""b"":0,""e"":5,""i"":""b14""},{""b"":5,""e"":6,""i"":""b15""}]},{""a"":[{""x"":31.448734806832306,""y"":194.332603014958,""i"":""a19"",""l"":""O"",""c"":-1}]},{""a"":[{""x"":205.44606101004092,""y"":208.3700361700382,""i"":""a20""},{""x"":222.7665690857297,""y"":198.3700361700382,""i"":""a21""},{""x"":240.08707716141828,""y"":208.3700361700382,""i"":""a22""},{""x"":222.7665690857297,""y"":178.3700361700382,""i"":""a23"",""l"":""O"",""c"":-1},{""x"":188.12555293435219,""y"":198.3700361700382,""i"":""a24""},{""x"":170.80504485866334,""y"":208.3700361700382,""i"":""a25""}],""b"":[{""b"":0,""e"":1,""i"":""b16""},{""b"":1,""e"":2,""i"":""b17"",""o"":2},{""b"":1,""e"":3,""i"":""b18""},{""b"":0,""e"":4,""i"":""b19""},{""b"":4,""e"":5,""i"":""b20""}]},{""a"":[{""x"":361.61485774718636,""y"":200.06950141067995,""i"":""a26""},{""x"":378.93536582287516,""y"":190.06950141067995,""i"":""a27""},{""x"":396.25587389856366,""y"":200.06950141067995,""i"":""a28""},{""x"":378.93536582287516,""y"":170.06950141067992,""i"":""a29"",""l"":""O""},{""x"":344.29434967149757,""y"":190.06950141068006,""i"":""a30""},{""x"":326.97384159580884,""y"":200.06950141068006,""i"":""a31""}],""b"":[{""b"":0,""e"":1,""i"":""b21""},{""b"":1,""e"":2,""i"":""b22""},{""b"":1,""e"":3,""i"":""b23"",""o"":2},{""b"":0,""e"":4,""i"":""b24""},{""b"":4,""e"":5,""i"":""b25""}]},{""a"":[{""x"":543.9062652788575,""y"":187.96658659185113,""i"":""a32""},{""x"":561.2267733545464,""y"":177.96658659185124,""i"":""a33""},{""x"":578.547281430235,""y"":187.96658659185113,""i"":""a34""},{""x"":561.2267733545464,""y"":157.9665865918512,""i"":""a35"",""l"":""O""},{""x"":595.8677895059238,""y"":177.96658659185124,""i"":""a36""},{""x"":613.1882975816125,""y"":187.96658659185113,""i"":""a37""},{""x"":595.8677895059238,""y"":157.9665865918512,""i"":""a38"",""l"":""O"",""c"":-1},{""x"":595.8677895059238,""y"":197.966586591851,""i"":""a39""},{""x"":526.5857572031689,""y"":177.966586591851,""i"":""a40""},{""x"":509.26524912748005,""y"":187.96658659185078,""i"":""a41""},{""x"":578.547281430235,""y"":207.966586591851,""i"":""a42""},{""x"":561.2267733545464,""y"":197.966586591851,""i"":""a43""}],""b"":[{""b"":0,""e"":1,""i"":""b26""},{""b"":1,""e"":2,""i"":""b27""},{""b"":1,""e"":3,""i"":""b28"",""o"":2},{""b"":2,""e"":4,""i"":""b29""},{""b"":4,""e"":5,""i"":""b30""},{""b"":4,""e"":6,""i"":""b31""},{""b"":4,""e"":7,""i"":""b32""},{""b"":0,""e"":8,""i"":""b33""},{""b"":8,""e"":9,""i"":""b34""},{""b"":7,""e"":10,""i"":""b35""},{""b"":10,""e"":11,""i"":""b36""}]},{""a"":[{""x"":788.4619970806402,""y"":183.6756775009422,""i"":""a44""},{""x"":805.7825051563289,""y"":173.67567750094204,""i"":""a45""},{""x"":823.1030132320177,""y"":183.6756775009422,""i"":""a46""},{""x"":805.7825051563289,""y"":153.67567750094207,""i"":""a47"",""l"":""O""},{""x"":840.4235213077063,""y"":173.67567750094204,""i"":""a48""},{""x"":857.7440293833952,""y"":183.6756775009422,""i"":""a49""},{""x"":840.4235213077063,""y"":153.67567750094207,""i"":""a50"",""l"":""O""},{""x"":840.4235213077063,""y"":193.67567750094196,""i"":""a51""},{""x"":823.1030132320175,""y"":203.67567750094196,""i"":""a52""},{""x"":805.7825051563289,""y"":193.67567750094196,""i"":""a53""},{""x"":771.1414890049514,""y"":173.67567750094227,""i"":""a54""},{""x"":753.8209809292625,""y"":183.6756775009424,""i"":""a55""}],""b"":[{""b"":0,""e"":1,""i"":""b37""},{""b"":1,""e"":2,""i"":""b38""},{""b"":1,""e"":3,""i"":""b39"",""o"":2},{""b"":2,""e"":4,""i"":""b40""},{""b"":4,""e"":5,""i"":""b41""},{""b"":4,""e"":6,""i"":""b42""},{""b"":4,""e"":7,""i"":""b43""},{""b"":7,""e"":8,""i"":""b44""},{""b"":8,""e"":9,""i"":""b45""},{""b"":0,""e"":10,""i"":""b46""},{""b"":10,""e"":11,""i"":""b47""}]},{""a"":[{""x"":648.451719824312,""y"":175.4665865918512,""i"":""a56"",""l"":""O""},{""x"":665.7722279000009,""y"":165.46658659185124,""i"":""a57"",""l"":""H""}],""b"":[{""b"":0,""e"":1,""i"":""b48""}]},{""a"":[{""x"":-59.67700993667205,""y"":345.1243224990579,""i"":""a58""},{""x"":-42.356501860983286,""y"":335.1243224990579,""i"":""a59""},{""x"":-76.99751801236084,""y"":335.1243224990579,""i"":""a60""},{""x"":-25.035993785294522,""y"":345.1243224990579,""i"":""a61""},{""x"":-42.356501860983286,""y"":315.124322499058,""i"":""a62"",""l"":""O""},{""x"":-94.3180260880496,""y"":345.1243224990579,""i"":""a63""},{""x"":-7.715485709605758,""y"":335.1243224990579,""i"":""a64"",""l"":""H""}],""b"":[{""b"":0,""e"":1,""i"":""b49""},{""b"":0,""e"":2,""i"":""b50""},{""b"":1,""e"":3,""i"":""b51""},{""b"":1,""e"":4,""i"":""b52"",""o"":2},{""b"":2,""e"":5,""i"":""b53""},{""b"":3,""e"":6,""i"":""b54""}]},{""a"":[{""x"":32.36844460878251,""y"":334.89704977178525,""i"":""a65"",""l"":""O"",""c"":-1}]},{""a"":[{""x"":894.5689736829686,""y"":174.9079322455221,""i"":""a66"",""l"":""O"",""c"":-1}]},{""a"":[{""x"":277.043918327976,""y"":175.98466273116776,""i"":""a67"",""l"":""O""}]},{""a"":[{""x"":287.6175379378092,""y"":317.97326892035613,""i"":""a68"",""l"":""O""}]}],""s"":[{""i"":""s0"",""t"":""Pusher"",""o1"":""a6"",""o2"":""a1"",""e"":2},{""i"":""s1"",""t"":""Pusher"",""o1"":""b2"",""o2"":""a3"",""e"":2},{""i"":""s2"",""t"":""Line"",""x1"":428.70809309560235,""y1"":184.3058650470436,""x2"":470.76890110315145,""y2"":184.3058650470436,""a"":""synthetic""},{""i"":""s3"",""t"":""Line"",""x1"":688.7267802903596,""y1"":171.98931386457846,""x2"":716.0231715391419,""y2"":171.98931386457846,""a"":""synthetic""},{""i"":""s4"",""t"":""Line"",""x1"":223.0557360286029,""y1"":230.55144024805972,""x2"":223.0557360286029,""y2"":284.98470159244147,""a"":""resonance""},{""i"":""s5"",""t"":""Pusher"",""o1"":""b48"",""o2"":""a56"",""e"":2},{""i"":""s6"",""t"":""Pusher"",""o1"":""a38"",""o2"":""a57"",""e"":2},{""i"":""s7"",""t"":""Pusher"",""o1"":""b23"",""o2"":""a29"",""e"":2},{""i"":""s8"",""t"":""Pusher"",""o1"":""b17"",""o2"":""a27"",""e"":2},{""i"":""s9"",""t"":""Pusher"",""o1"":""b12"",""o2"":""a15"",""e"":2},{""i"":""s10"",""t"":""Pusher"",""o1"":""b13"",""o2"":""b11"",""e"":2},{""i"":""s11"",""t"":""Pusher"",""o1"":""a19"",""o2"":""a16"",""e"":2},{""i"":""s12"",""t"":""Pusher"",""o1"":""a23"",""o2"":""b18"",""e"":2},{""i"":""s13"",""t"":""Pusher"",""o1"":""a65"",""o2"":""a64"",""e"":2},{""i"":""s14"",""t"":""Pusher"",""o1"":""b54"",""o2"":""a61"",""e"":2},{""i"":""s15"",""t"":""Line"",""x1"":71.68590781371444,""y1"":195.09721394503703,""x2"":120.97774569673095,""y2"":195.09721394503703,""a"":""equilibrium""},{""i"":""s16"",""t"":""Line"",""x1"":73.09367155871348,""y1"":326.01924222994876,""x2"":120.95763888868123,""y2"":326.01924222994876,""a"":""equilibrium""}]}";yes;4;aldol addition;dihydroxyacetone,hydroxide;;base;first create an enolate and then with the addition to another acetone, the enolate has two resonance structures
